gene	ratio_CNV_CNN	pvalue
YKL215C	0.9330514166575259	0.7120743034055728
YER137C-A	2.4363652624174734	0.49122807017543857
YKL014C	0.7055413158966821	0.12737726669615215
YKL004W	0.4974637318080116	0.0062330349697337795
YKL152C	0.31927827770239114	0.0020639834881320948
YKL089W	0.5457505805573203	0.1713106295149639
YKL005C	0.6954023902386837	0.046218487394957986
YKL184W	0.8536676200724757	0.35913312693498456
YKL134C	0.6993838907364032	0.7925696594427245
YKL161C	0.7595708352394224	0.6336429308565531
YKR018C	0.7546071184979913	0.07000343997248022
YKL195W	0.5702186948751998	0.5593395252837977
YKL129C	0.7291558653036131	0.10939112487100103
YKL149C	0.6372801325299651	0.06398348813209494
YKL213C	0.958880085245252	0.7120743034055728
YKL026C	0.7281957569668142	0.13828689370485037
YKL103C	0.667029940256705	0.033023735810113516
YKL016C	1.2013455532852402	0.7653693056169837
YKR085C	0.8552392811953725	0.1560027519779842
YKL222C	0.4514856936731873	0.008255933952528379
YKR064W	0.6425949641844416	0.043687650498796006
YKL218C	1.2042306170884636	0.2538699690402477
YKR022C	1.1561513209685734	1.0
YKL188C	0.5117893863658336	0.033023735810113516
YKR021W	0.870534262924823	0.18593051255589957
YKR008W	0.6623517848065579	0.05062051811277818
YKL159C	0.8685608034953965	0.303405572755418
YKL138C	0.737041604655848	0.4210526315789474
YKL167C	0.9007242693719979	0.5593395252837977
YKL071W	0.2554719938356357	0.0020639834881320948
YKL174C	0.4701680912881543	0.06398348813209494
YKL124W	0.6865962657934056	0.2105263157894737
YKR070W	0.9200471994700693	0.8230134158926727
YKL106C-A	nan	1.0
YKL090W	0.44121205315223866	0.2105263157894737
YKL081W	0.7449542192193368	0.08462332301341588
YKR010C	0.6655166920082999	0.04088274986107804
YKL021C	0.8096505079197238	0.2818074598260357
YKL094W	0.7941669698729503	0.2538699690402477
YKR086W	0.5819432956146772	0.2192982456140351
YKL189W	0.5509591827834865	0.014447884416924664
YKL198C	1.1485906851863852	0.5593395252837977
YKL133C	0.5199761620049836	0.1713106295149639
YKL181W	0.9730244285036201	0.5593395252837977
YKR079C	0.6356392773735893	0.033883728930168555
YKL176C	1.0595020309065861	0.7925696594427245
YKL196C	0.6860325447025741	0.06398348813209494
YKR027W	0.583179289383764	0.0041279669762641896
YKL182W	0.7281287860746631	0.2538699690402477
YKL121W	0.657522334146804	0.06398348813209494
YER133W	0.5994505887429812	0.29239766081871343
YKL170W	1.0054011507948653	0.7925696594427245
YKR050W	0.8866819164710342	0.7485380116959064
YKL080W	0.374817269865575	0.033023735810113516
YER137C	0.9480227165311604	0.8421052631578947
YKR015C	2.7166771251407273	0.08767743325785651
YER136W	0.9432208882998064	0.49122807017543857
YKL013C	1.0110626406041099	1.0
YKR080W	1.1305933187567052	0.499828001375989
YKL183W	0.9231415904029686	0.5593395252837977
YKR006C	1.1364630835301939	0.20600142891164563
YKL141W	1.2455548186367533	0.4210526315789474
YKL139W	0.6843748791430766	0.1713106295149639
YKR075C	0.8674075891336857	0.05572755417956656
YKL044W	0.6889474722907757	0.35913312693498456
YKL173W	0.97955339716311	0.6336429308565531
YKL119C	0.5614883417201708	0.014447884416924664
YKL055C	0.7858974801395903	1.0
YKL091C	0.8467203530885	0.303405572755418
YKR074W	1.2954515843797056	0.391296869625043
YKR056W	0.5689608299653061	0.10681114551083593
YKL017C	0.5963495575476041	0.08742444346159517
YKR097W	0.5919266457003387	0.2991188378185282
YKR082W	0.6357414737992434	0.08703130374957001
YKR002W	0.7967623240791811	0.15175570903125082
YKL190W	0.6597482594011813	0.04747162022703818
YKL003C	0.9629306053852839	0.9025232501776794
YKL100C	0.6659930281485166	0.014447884416924664
YKL114C	0.5871829260690543	0.303405572755418
YKL086W	0.804846182939518	0.8751289989680083
YKL108W	0.5737665311131015	0.5593395252837977
YKL058W	0.6099821204488576	0.1713106295149639
YKR101W	0.5407048360412795	0.11134688653314041
YKL077W	0.5814671850976829	0.10939112487100103
YKL212W	0.7042777509434679	0.10939112487100103
YKL012W	0.5786686856107212	0.32286598850066345
YKL049C	0.8387024293043635	0.4210526315789474
YKR104W	1.1481976978380095	0.48766835345893045
YKL009W	0.7081316318898033	0.41552410437859355
YKL065W-A	0.40353743696291944	0.7743900027787132
YKL221W	inf	0.2145795027585875
YKL042W	0.6189307391723727	0.303405572755418
YKR016W	0.7939298829636715	0.5447593342330185
YKR076W	0.545124885154936	0.129858961128311
YKL098W	0.890070424846258	0.5593395252837977
YKL092C	0.854199771675258	0.303405572755418
YKR088C	1.0442595811584447	0.7538699690402476
YKR071C	0.9011069852268111	0.6867905056759546
YKR095W-A	1.1491942950208485	0.535841867111217
YKL105C	0.8321774978731189	0.4871001031991744
YKL192C	1.130716105670059	0.2105263157894737
YKL007W	0.7350022437746981	0.3676102019755271
YKR060W	0.753578005073418	0.18593051255589957
YKR087C	0.8385152753838617	0.2975576195390437
YKL154W	0.8593873432238318	0.7120743034055728
YKR100C	0.7167459404904241	0.3912672792826394
YKL011C	0.8925197952898718	0.2818074598260357
YKL116C	0.8772521768630211	0.10939112487100103
YKL191W	1.2136913113244412	0.303405572755418
YKL208W	0.8987654194232799	0.4871001031991744
YKL068W-A	0.5813356822783395	0.0041279669762641896
YKL043W	1.0810207012158413	0.8751289989680083
YKL113C	1.0033448823111633	0.9576883384932922
YKR090W	0.8419677831639071	0.2975576195390437
YKL110C	0.8656837967258665	0.4210526315789474
YKL172W	0.9064462754246934	1.0
YKL168C	0.7918115947079276	0.2538699690402477
YKL033W	0.5832041583256524	0.13828689370485037
YKL145W	0.8043015441709748	0.2105263157894737
YKR092C	0.7141006698539696	0.004987960096319229
YKR063C	0.6466201581738802	0.007223942208462332
YKL015W	0.8322452945495715	0.1517765000737137
YKR068C	0.8836284005407041	0.025799793601651185
YKL214C	1.0287967747867155	0.5593395252837977
YKR005C	0.7966170309348843	0.7167844195707973
YKR020W	1.1614647744782916	0.6216030271757825
YKL059C	0.7027282813834851	0.2105263157894737
YKL045W	0.5837878977334487	0.13828689370485037
YKR094C	0.8144829012449106	0.022108438517107247
YKR084C	0.7401268932619663	0.025799793601651185
YKL142W	0.3879260836130476	0.033023735810113516
YKL187C	0.9057683134950324	0.7120743034055728
YKL067W	1.7173996474163902	0.014447884416924664
YKL137W	0.5308996066481916	0.35913312693498456
YKR026C	0.7550293061681117	0.08462332301341588
YKL018W	0.6705860471371727	0.21001031991744068
YKL128C	0.8173461566001448	0.2105263157894737
YKL148C	1.8577419132631214	0.033023735810113516
YKL150W	1.3573559137937483	0.4210526315789474
YKL207W	1.2204108369502216	0.6336429308565531
YKL023W	0.80676167786898	0.6336429308565531
YKL216W	0.8840983187528348	1.0
YKL054C	0.9322516823426555	0.9576883384932922
YKL040C	0.77938913392107	0.5593395252837977
YKR003W	0.8128716047950109	0.1288402000476304
YKR103W	0.8559275398751849	0.437942822899974
YKR091W	1.347365465957992	0.2566219470244238
YKL194C	0.8341230214507329	0.2105263157894737
YER138C	1.7763008767953852	0.5730994152046783
YER134C	0.7715673198514412	0.1871345029239766
YKL034W	0.9016079717757903	0.4210526315789474
YKL122C	0.7030640185424014	0.303405572755418
YKL209C	0.9060727954212853	0.4871001031991744
YKL057C	0.4265108781239559	0.08462332301341588
YKR007W	1.2954347712036627	0.032759122542404276
YKL084W	1.0981002940941444	0.9576883384932922
YKR058W	1.0517467605576276	1.0
YKL052C	0.7923293823654332	0.2538699690402477
YKL032C	1.1137895550398575	0.7120743034055728
YKL211C	0.8827180967906072	0.7120743034055728
YKL163W	1.9646412477056154	0.5593395252837977
YKL193C	1.0694076755441406	0.8751289989680083
YKR004C	0.7170761015601036	0.006800560980127544
YKR077W	0.7002174085103158	0.1560027519779842
YKR057W	0.7166068006512374	0.025799793601651185
YKL217W	1.2496662774427025	0.35913312693498456
YKL072W	0.5980513302032368	0.1713106295149639
YKL178C	0.4292515633451301	0.13053364659882394
YKL079W	0.5559536277993867	0.303405572755418
YKR001C	0.8090952126631997	0.15304188415882009
YKL088W	1.2087630436677193	0.4871001031991744
YKL130C	0.6873220314958558	0.5593395252837977
YKL018C-A	1.3169042624530962	0.2818074598260357
YKL027W	0.5905210478777315	0.13828689370485037
YKL087C	1.2388178797552722	0.014447884416924664
YKL101W	0.7192726681338718	0.35913312693498456
YKL160W	1.235518182035366	0.4871001031991744
YKL219W	0.37671930221445427	0.1713106295149639
YKL002W	0.8629613181026693	0.7750513736700824
YKL056C	1.1045095659577615	0.7120743034055728
YKL099C	0.7535107088140255	0.4210526315789474
YKR013W	0.8592049318914776	0.9038924611680029
YKL143W	0.8198064082516641	0.7120743034055728
YKR081C	0.8833031052229029	0.019435844513243893
YKL210W	0.7813058008700406	0.1713106295149639
YKR106W	1.1043657432564562	0.7750513736700824
YKL024C	0.7852805507491313	0.2538699690402477
YKL053C-A	0.6761159792818788	0.35913312693498456
YKR059W	0.6039024930466446	0.004987960096319229
YKR098C	0.8808484052931592	0.3912672792826394
YKL104C	0.6635116200948669	0.014447884416924664
YKL135C	0.5759967111841939	0.06398348813209494
YKL179C	0.4647816658333639	0.08462332301341588
YKR078W	0.8808567872437423	0.6867905056759546
YKL025C	0.7571550255046787	0.008255933952528379
YKR089C	0.6282630639509491	0.043687650498796006
YKR072C	1.0761971918947442	0.9643962848297213
YKL162C	0.5753786473812892	0.1713106295149639
YKL125W	1.0057463738614816	1.0
YKL220C	0.5192053056742901	0.2105263157894737
YKR062W	0.9255831983556103	0.9643962848297213
YKL205W	0.5831761049955885	0.10939112487100103
YKR011C	0.6309368227689897	0.06202534995104655
YKL138C-A	1.4739603233179308	0.10939112487100103
YKL065C	0.7674919742514722	0.1713106295149639
YKL206C	0.8810956934923404	0.2105263157894737
YKL051W	2.206070122027831	0.303405572755418
YKL082C	1.1426134513947508	0.9576883384932922
YKL033W-A	0.5635551581127559	0.13828689370485037
YKL062W	0.630421387913237	0.08462332301341588
YKL197C	0.551452035127614	0.1713106295149639
YKL165C	0.5482962838399493	0.08462332301341588
YKL006C-A	0.7240653896529878	0.21001031991744068
YKL127W	0.8807605953150577	0.303405572755418
YKR014C	0.8737096589884	0.6574052022968432
YKR025W	1.2435122374165157	0.4871001031991744
YKL020C	0.8434529709540584	0.24406604747162025
YKL095W	0.8656498829762597	0.4871001031991744
YKL203C	0.8641327557438804	0.13828689370485037
YKR051W	0.969345376086435	1.0
YKL048C	0.745406231493802	0.35913312693498456
YKL155C	0.7884664182774161	0.7925696594427245
YKL117W	1.1465789502689412	0.10939112487100103
YKL175W	0.8411703649340687	0.35913312693498456
YKL085W	1.838865896571954	0.13828689370485037
YKR028W	0.5616340811413432	0.033023735810113516
YKL109W	0.7775531520018698	0.35913312693498456
YKL035W	0.6343849582377853	0.033023735810113516
YKR067W	0.6486803874191839	0.18593051255589957
YKL001C	0.5778720015502676	0.20566717961735548
YKR069W	1.163026690819983	0.9643962848297213
YKL047W	0.3816523450985712	0.10939112487100103
YKR061W	0.7630881058584144	0.2566219470244238
YKL107W	0.38375019314697767	0.12781812089039818
YKL201C	1.0191264780355325	0.6336429308565531
YKL064W	0.9494742999770356	0.7120743034055728
YKL046C	0.8637466082852371	0.2538699690402477
YKL126W	0.5923808742406012	0.022703818369453045
YKL068W	0.7373736561484355	0.1713106295149639
YKR066C	0.8845700729086516	0.033883728930168555
YKL050C	0.6894620052478763	0.04747162022703818
YKL070W	0.5574506468133608	0.2873284289451101
YKL096W	2.4837877035270908	0.1713106295149639
YKL060C	0.8296178955519913	0.13828689370485037
YKR009C	0.8883576843318897	0.5447593342330185
YKR019C	1.090740947050688	0.4439284485724114
YKL156W	0.9129876934925045	0.7925696594427245
YKR054C	0.7234674739096937	0.18593051255589957
YKL186C	0.9587053829542845	1.0
YKL006W	0.8409288341309605	0.1517765000737137
YKL204W	0.7947273682713333	0.2538699690402477
YKR055W	0.7692130585763345	0.391296869625043
YKR065C	0.9753826894377138	0.893188854489164
YKL075C	0.9351293431188668	0.5593395252837977
YKR105C	nan	0.025603680570425842
YKR083C	1.0061911629596145	0.8230134158926727
YKR017C	0.5835870530742013	0.009102696409197957
YKL146W	1.3939693746306954	0.04747162022703818
YKL157W	0.4770447590125011	0.022703818369453045
YKR052C	0.49826591620834687	0.010319917440660475
YKL074C	0.852570805022064	0.4871001031991744
YKL120W	0.6684444943454083	0.4871001031991744
YKL140W	1.0024714111043296	0.6336429308565531
YKL010C	0.8919003312862106	0.10607400855078875
YKR096W	0.9407085004176587	0.7108438517107247
YKL028W	0.9126242995870383	0.4871001031991744
YKL106W	0.6602575567757341	0.2538699690402477
YKL061W	0.8255062444966821	0.7120743034055728
YKL038W	0.9745327979139542	0.5593395252837977
YKL019W	0.9043949712398726	1.0
YKR099W	0.70987705786858	0.6533789106936937
YKR024C	0.8864111212249317	0.6336429308565531
YKL185W	0.7936796777278804	0.06398348813209494
YKL151C	0.7320442262978759	0.06398348813209494
YKL078W	0.6726168186113334	0.2538699690402477
YKL063C	0.4913394360710301	0.2105263157894737
YKL022C	0.7342736495210548	0.303405572755418
YKL144C	0.5617007569276128	0.13828689370485037
YKL180W	0.7703011963301197	0.1713106295149639
YKR095W	0.7583028148136197	0.7732396602365642
YKL023C-A	0.8723658121963858	0.35913312693498456
YKL166C	0.5730680040787246	0.2105263157894737
YKL073W	0.561101118145357	0.10939112487100103
YKR102W	0.8238495550734996	0.6533789106936937
YKL096W-A	1.070202246448541	0.6336429308565531
YKL164C	2.244188503833921	0.4210526315789474
YKL037W	1.7983980192752198	0.1518044566500855
YKL069W	0.8129512625140879	0.303405572755418
YKL008C	0.6042359818563868	0.17912428129146396
YKL029C	1.2343679317305232	0.6336429308565531
YKR023W	1.2500091574377858	0.4439284485724114
YKL039W	0.7535974071196114	0.1713106295149639
YKL112W	0.5616022935314026	0.10939112487100103
YKL132C	0.7399772896203005	0.033023735810113516
YKR053C	1.28011215628289	0.1560027519779842
YKL093W	1.152979030994074	0.7120743034055728
YKR093W	0.9376999882563251	0.34023973962054455
YKL171W	0.9827588703944959	1.0
YKL041W	0.6573537785485098	0.35913312693498456
