S000000003	YAL003W	S. cerevisiae	EFB1	Elongation Factor Beta
S000000012	YAL014C	S. cerevisiae	SYN8	SYNtaxin
S000000017	YAL019W	S. cerevisiae	FUN30	Function Unknown Now
S000000018	YAL020C	S. cerevisiae	ATS1	Alpha Tubulin Suppressor
S000000023	YAL025C	S. cerevisiae	MAK16	MAintenance of Killer
S000000033	YAL035W	S. cerevisiae	FUN12	Function Unknown Now
S000000034	YAL036C	S. cerevisiae	RBG1	RiBosome interacting Gtpase
S000000050	YAL054C	S. cerevisiae	ACS1	Acetyl CoA Synthetase
S000000055	YAL059W	S. cerevisiae	ECM1	ExtraCellular Mutant
S000000100	YBL004W	S. cerevisiae	UTP20	U Three Protein
S000000118	YBL022C	S. cerevisiae	PIM1	Proteolysis In Mitochondria
S000000120	YBL024W	S. cerevisiae	NCL1	NuCLear protein
S000000122	YBL026W	S. cerevisiae	LSM2	Like SM
S000000124	YBL028C	S. cerevisiae	""	""
S000000131	YBL035C	S. cerevisiae	POL12	POLymerase
S000000135	YBL039C	S. cerevisiae	URA7	URAcil requiring
S000000145	YBL049W	S. cerevisiae	MOH1	""
S000000174	YBL078C	S. cerevisiae	ATG8	AuTophaGy related
S000000188	YBL092W	S. cerevisiae	RPL32	Ribosomal Protein of the Large subunit
S000000198	YBL102W	S. cerevisiae	SFT2	Suppressor of sed Five Ts
S000000210	YBR006W	S. cerevisiae	UGA2	Utilization of GAba
S000000229	YBR025C	S. cerevisiae	OLA1	Obg-Like ATPase
S000000234	YBR030W	S. cerevisiae	RKM3	Ribosomal lysine (K) Methyltransferase
S000000238	YBR034C	S. cerevisiae	HMT1	HnRNP MethylTransferase
S000000260	YBR056W	S. cerevisiae	MRX18	Mitochondrial oRganization of gene eXpression (MIOREX)
S000000263	YBR059C	S. cerevisiae	AKL1	Ark family Kinase-Like protein
S000000264	YBR060C	S. cerevisiae	ORC2	Origin Recognition Complex
S000000265	YBR061C	S. cerevisiae	TRM7	Transfer RNA Methyltransferase
S000000283	YBR079C	S. cerevisiae	RPG1	""
S000000288	YBR084W	S. cerevisiae	MIS1	MItochondrial C1-tetrahydrofolate Synthase
S000000291	YBR087W	S. cerevisiae	RFC5	Replication Factor C
S000000292	YBR088C	S. cerevisiae	POL30	POLymerase
S000000308	YBR104W	S. cerevisiae	YMC2	Yeast Mitochondrial Carrier
S000000322	YBR118W	S. cerevisiae	TEF2	Translation Elongation Factor
S000000325	YBR121C	S. cerevisiae	GRS1	Glycyl-tRNA Synthase
S000000326	YBR122C	S. cerevisiae	MRPL36	Mitochondrial Ribosomal Protein, Large subunit
S000000330	YBR126C	S. cerevisiae	TPS1	Trehalose-6-Phosphate Synthase
S000000339	YBR135W	S. cerevisiae	CKS1	Cdc28 Kinase Subunit
S000000345	YBR141C	S. cerevisiae	BMT2	Base MethylTransferase of 25S RNA
S000000346	YBR142W	S. cerevisiae	MAK5	MAintenance of Killer
S000000347	YBR143C	S. cerevisiae	SUP45	SUPpressor
S000000351	YBR147W	S. cerevisiae	RTC2	Restriction of Telomere Capping
S000000353	YBR149W	S. cerevisiae	ARA1	D-ARAbinose dehydrogenase
S000000358	YBR154C	S. cerevisiae	RPB5	RNA Polymerase B
S000000385	YBR181C	S. cerevisiae	RPS6B	Ribosomal Protein of the Small subunit
S000000387	YBR183W	S. cerevisiae	YPC1	Yeast Phyto-Ceramidase
S000000393	YBR189W	S. cerevisiae	RPS9B	Ribosomal Protein of the Small subunit
S000000395	YBR191W	S. cerevisiae	RPL21A	Ribosomal Protein of the Large subunit
S000000426	YBR222C	S. cerevisiae	PCS60	Peroxisomal CoA-dependent Synthetase
S000000443	YBR239C	S. cerevisiae	ERT1	Ethanol Regulated Transcription factor
S000000451	YBR247C	S. cerevisiae	ENP1	Essential Nuclear Protein
S000000456	YBR252W	S. cerevisiae	DUT1	DUTp pyrophosphatase
S000000463	YBR259W	S. cerevisiae	""	""
S000000467	YBR263W	S. cerevisiae	SHM1	Serine HydroxyMethyltransferase
S000000471	YBR267W	S. cerevisiae	REI1	REquired for Isotropic bud growth
S000000473	YBR269C	S. cerevisiae	SDH8	Succinate DeHydrogenase
S000000484	YBR280C	S. cerevisiae	SAF1	SCF Associated Factor
S000000487	YBR283C	S. cerevisiae	SSH1	Sec Sixty-one Homolog
S000000491	YBR287W	S. cerevisiae	""	""
S000000557	YCL052C	S. cerevisiae	PBN1	Protease B Non-derepressible
S000000559	YCL054W	S. cerevisiae	SPB1	Suppressor of PaB1 mutant
S000000564	YCL059C	S. cerevisiae	KRR1	contains KRR-R motif
S000000566	YCL061C	S. cerevisiae	MRC1	Mediator of the Replication Checkpoint
S000000603	YCR010C	S. cerevisiae	ADY2	Accumulation of DYads
S000000609	YCR016W	S. cerevisiae	""	""
S000000630	YCR034W	S. cerevisiae	ELO2	fatty acid ELOngation
S000000631	YCR035C	S. cerevisiae	RRP43	Ribosomal RNA Processing
S000000643	YCR047C	S. cerevisiae	BUD23	BUD site selection
S000000647	YCR051W	S. cerevisiae	""	""
S000000653	YCR057C	S. cerevisiae	PWP2	Periodic tryptophan (W) Protein
S000000664	YCR068W	S. cerevisiae	ATG15	AuTophaGy related
S000000668	YCR072C	S. cerevisiae	RSA4	RiboSome Assembly
S000000687	YCR091W	S. cerevisiae	KIN82	protein KINase
S000000737	YEL011W	S. cerevisiae	GLC3	GLyCogen
S000000738	YEL012W	S. cerevisiae	UBC8	UBiquitin-Conjugating
S000000746	YEL020C	S. cerevisiae	PXP1	PeroXisomal Protein
S000000752	YEL026W	S. cerevisiae	SNU13	Small NUclear ribonucleoprotein associated
S000000772	YEL046C	S. cerevisiae	GLY1	GLYcine requiring
S000000780	YEL054C	S. cerevisiae	RPL12A	Ribosomal Protein of the Large subunit
S000000781	YEL055C	S. cerevisiae	POL5	POLymerase
S000000782	YEL056W	S. cerevisiae	HAT2	Histone AcetylTransferase
S000000786	YEL060C	S. cerevisiae	PRB1	PRoteinase B
S000000804	YER002W	S. cerevisiae	NOP16	NucleOlar Protein
S000000808	YER006W	S. cerevisiae	NUG1	NUclear GTPase
S000000812	YER010C	S. cerevisiae	""	""
S000000826	YER024W	S. cerevisiae	YAT2	""
S000000827	YER025W	S. cerevisiae	GCD11	General Control Derepressed
S000000838	YER036C	S. cerevisiae	ARB1	ATP-binding cassette protein involved in Ribosome Biogenesis
S000000845	YER043C	S. cerevisiae	SAH1	S-Adenosyl-l-Homocysteine hydrolase
S000000848	YER046W	S. cerevisiae	SPO73	SPOrulation
S000000851	YER049W	S. cerevisiae	TPA1	Termination and PolyAdenylation
S000000857	YER055C	S. cerevisiae	HIS1	HIStidine
S000000873	YER071C	S. cerevisiae	TDA2	Topoisomerase I Damage Affected
S000000879	YER077C	S. cerevisiae	MRX1	Mitochondrial oRganization of gene eXpression (MIOREX)
S000000884	YER082C	S. cerevisiae	UTP7	U Three Protein
S000000904	YER102W	S. cerevisiae	RPS8B	Ribosomal Protein of the Small subunit
S000000909	YER107C	S. cerevisiae	GLE2	GLFG LEthal
S000000912	YER110C	S. cerevisiae	KAP123	KAryoPherin
S000000919	YER117W	S. cerevisiae	RPL23B	Ribosomal Protein of the Large subunit
S000000928	YER126C	S. cerevisiae	NSA2	Nop Seven Associated
S000000929	YER127W	S. cerevisiae	LCP5	Lethal with Conditional Pap1
S000000932	YER130C	S. cerevisiae	COM2	Cousin of Msn2
S000000950	YER148W	S. cerevisiae	SPT15	SuPpressor of Ty insertions
S000000951	YER149C	S. cerevisiae	PEA2	PEAnut shmoo mutant
S000000953	YER151C	S. cerevisiae	UBP3	UBiquitin-specific Protease
S000000958	YER156C	S. cerevisiae	MYG1	""
S000000967	YER165W	S. cerevisiae	PAB1	Poly(A) Binding protein
S000000974	YER172C	S. cerevisiae	BRR2	Bad Response to Refrigeration
S000000978	YER176W	S. cerevisiae	ECM32	ExtraCellular Mutant
S000000993	YHL001W	S. cerevisiae	RPL14B	Ribosomal Protein of the Large subunit
S000001003	YHL011C	S. cerevisiae	PRS3	PhosphoRibosylpyrophosphate Synthetase
S000001005	YHL013C	S. cerevisiae	OTU2	member of the Ovarian TUmor family
S000001008	YHL016C	S. cerevisiae	DUR3	Degradation of URea
S000001013	YHL021C	S. cerevisiae	AIM17	Altered Inheritance rate of Mitochondria
S000001014	YHL022C	S. cerevisiae	SPO11	SPOrulation
S000001024	YHL032C	S. cerevisiae	GUT1	Glycerol UTilization
S000001025	YHL033C	S. cerevisiae	RPL8A	Ribosomal Protein of the Large subunit
S000001045	YHR003C	S. cerevisiae	TCD1	tRNA ThreonylCarbamoyladenosine Dehydratase
S000001052	YHR010W	S. cerevisiae	RPL27A	Ribosomal Protein of the Large subunit
S000001055	YHR013C	S. cerevisiae	ARD1	ARrest Defective
S000001061	YHR019C	S. cerevisiae	DED81	Defines Essential Domain
S000001062	YHR020W	S. cerevisiae	""	""
S000001063	YHR021C	S. cerevisiae	RPS27B	Ribosomal Protein of the Small subunit
S000001074	YHR032W	S. cerevisiae	ERC1	Ethionine Resistance Conferring
S000001075	YHR033W	S. cerevisiae	""	""
S000001092	YHR050W	S. cerevisiae	SMF2	Suppressor of Mitochondria import Function
S000001094	YHR052W	S. cerevisiae	CIC1	Core Interacting Component
S000001104	YHR062C	S. cerevisiae	RPP1	Ribonuclease P Protein
S000001106	YHR064C	S. cerevisiae	SSZ1	""
S000001107	YHR065C	S. cerevisiae	RRP3	Ribosomal RNA Processing
S000001108	YHR066W	S. cerevisiae	SSF1	Suppressor of ste4 (Four)
S000001110	YHR068W	S. cerevisiae	DYS1	DeoxyhYpusine Synthase
S000001111	YHR069C	S. cerevisiae	RRP4	Ribosomal RNA Processing
S000001123	YHR081W	S. cerevisiae	LRP1	Like RrP6
S000001127	YHR085W	S. cerevisiae	IPI1	Involved in Processing ITS2
S000001130	YHR088W	S. cerevisiae	RPF1	Ribosome Production Factor
S000001131	YHR089C	S. cerevisiae	GAR1	Glycine Arginine Rich
S000001133	YHR091C	S. cerevisiae	MSR1	Mitochondrial tRNA Synthetase aRginine
S000001146	YHR104W	S. cerevisiae	GRE3	Genes de Respuesta a Estres (stress responsive genes)
S000001154	YHR112C	S. cerevisiae	""	""
S000001170	YHR128W	S. cerevisiae	FUR1	5-FluoroURidine resistant
S000001179	YHR137W	S. cerevisiae	ARO9	AROmatic amino acid requiring
S000001180	YHR138C	S. cerevisiae	""	""
S000001183	YHR141C	S. cerevisiae	RPL42B	Ribosomal Protein of the Large subunit
S000001185	YHR143W-A	S. cerevisiae	RPC10	RNA Polymerase C
S000001187	YHR144C	S. cerevisiae	DCD1	dCMP Deaminase
S000001191	YHR148W	S. cerevisiae	IMP3	Interacting with Mpp10p
S000001193	YHR150W	S. cerevisiae	PEX28	PEroXisome related
S000001204	YHR161C	S. cerevisiae	YAP1801	Yeast Assembly Polypeptide
S000001208	YHR165C	S. cerevisiae	PRP8	Pre-mRNA Processing
S000001210	YHR167W	S. cerevisiae	THP2	THO2 - HPR1 Phenotype
S000001212	YHR169W	S. cerevisiae	DBP8	Dead Box Protein
S000001213	YHR170W	S. cerevisiae	NMD3	Nonsense-Mediated mRNA Decay
S000001214	YHR171W	S. cerevisiae	ATG7	AuTophaGy related
S000001236	YHR193C	S. cerevisiae	EGD2	Enhancer of Gal4 DNA binding
S000001239	YHR196W	S. cerevisiae	UTP9	U Three Protein
S000001240	YHR197W	S. cerevisiae	RIX1	RIbosome eXport
S000001241	YHR198C	S. cerevisiae	AIM18	Altered Inheritance rate of Mitochondria
S000001245	YHR202W	S. cerevisiae	SMN1	Scavenger MonoNucleotidase
S000001246	YHR203C	S. cerevisiae	RPS4B	Ribosomal Protein of the Small subunit
S000001279	YIL017C	S. cerevisiae	VID28	Vacuolar Import and Degradation
S000001280	YIL018W	S. cerevisiae	RPL2B	Ribosomal Protein of the Large subunit
S000001281	YIL019W	S. cerevisiae	FAF1	Forty (40) S Assembly Factor 
S000001282	YIL020C	S. cerevisiae	HIS6	HIStidine requiring
S000001283	YIL021W	S. cerevisiae	RPB3	RNA Polymerase B
S000001286	YIL024C	S. cerevisiae	""	""
S000001288	YIL026C	S. cerevisiae	IRR1	IRRegular cell behavior
S000001297	YIL035C	S. cerevisiae	CKA1	Casein Kinase Alpha subunit
S000001299	YIL037C	S. cerevisiae	PRM2	Pheromone-Regulated Membrane protein
S000001307	YIL045W	S. cerevisiae	PIG2	Protein Interacting with Gsy2p
S000001314	YIL052C	S. cerevisiae	RPL34B	Ribosomal Protein of the Large subunit
S000001317	YIL055C	S. cerevisiae	""	""
S000001319	YIL057C	S. cerevisiae	RGI2	Respiratory growth induced
S000001326	YIL064W	S. cerevisiae	EFM4	Elongation Factor Methyltransferase
S000001339	YIL077C	S. cerevisiae	RCI37	Respiratory Chain Interacting protein of ~37 kDa
S000001340	YIL078W	S. cerevisiae	THS1	THreonyl tRNA Synthetase
S000001353	YIL091C	S. cerevisiae	UTP25	U Three Protein
S000001358	YIL096C	S. cerevisiae	BMT5	Base Methyltransferase of Twenty five S rRNA 5
S000001365	YIL103W	S. cerevisiae	DPH1	DiPHthamide biosynthesis
S000001366	YIL104C	S. cerevisiae	SHQ1	Small nucleolar RNAs of the box H/ACA family Quantitative accumulation
S000001369	YIL107C	S. cerevisiae	PFK26	6-PhosphoFructo-2-Kinase
S000001372	YIL110W	S. cerevisiae	HPM1	Histidine Protein Methyltransferase
S000001389	YIL127C	S. cerevisiae	RRT14	Regulator of rDNA Transcription
S000001395	YIL133C	S. cerevisiae	RPL16A	Ribosomal Protein of the Large subunit
S000001408	YIL146C	S. cerevisiae	ATG32	AuTophaGy related
S000001410	YIL148W	S. cerevisiae	RPL40A	Ribosomal Protein of the Large subunit
S000001420	YIL158W	S. cerevisiae	AIM20	Altered Inheritance rate of Mitochondria
S000001423	YIL161W	S. cerevisiae	SMU2	Stalled Monosome Ubiquitination 2
S000001440	YIR001C	S. cerevisiae	SGN1	Slower Growth on Non-fermentable carbon sources
S000001446	YIR007W	S. cerevisiae	EGH1	Cryptococcus neoformans EGCrP2 Homolog
S000001451	YIR012W	S. cerevisiae	SQT1	Suppressor of QSR1 Truncations
S000001458	YIR019C	S. cerevisiae	FLO11	FLOcculation
S000001465	YIR026C	S. cerevisiae	YVH1	Yeast vaccinia virus VH1 Homolog
S000001477	YIR038C	S. cerevisiae	GTT1	GlutaThione Transferase
S000001490	YKL007W	S. cerevisiae	CAP1	CAPping
S000001492	YKL009W	S. cerevisiae	MRT4	mRNA Turnover 4
S000001497	YKL014C	S. cerevisiae	URB1	Unhealthy Ribosome Biogenesis
S000001504	YKL021C	S. cerevisiae	MAK11	MAintenance of Killer
S000001517	YKL034W	S. cerevisiae	TUL1	Transmembrane Ubiquitin Ligase
S000001521	YKL038W	S. cerevisiae	RGT1	Restores Glucose Transport
S000001530	YKL047W	S. cerevisiae	ANR2	Avl Nine Related family 2
S000001539	YKL056C	S. cerevisiae	TMA19	Translation Machinery Associated
S000001561	YKL078W	S. cerevisiae	DHR2	DEAH-box RNA helicase
S000001565	YKL082C	S. cerevisiae	RRP14	Ribosomal RNA Processing
S000001577	YKL094W	S. cerevisiae	YJU3	""
S000001582	YKL099C	S. cerevisiae	UTP11	U Three Protein
S000001589	YKL106W	S. cerevisiae	AAT1	Aspartate AminoTransferase
S000001593	YKL110C	S. cerevisiae	KTI12	Kluveromyces lactis Toxin Insensitive
S000001596	YKL113C	S. cerevisiae	RAD27	RADiation sensitive
S000001600	YKL117W	S. cerevisiae	SBA1	increased Sensitivity to Benzoquinone Ansamycins
S000001607	YKL124W	S. cerevisiae	SSH4	Suppressor of SHr3 deletion
S000001625	YKL142W	S. cerevisiae	MRP8	Mitochondrial Ribosomal Protein
S000001626	YKL143W	S. cerevisiae	LTV1	Low Temperature Viability
S000001627	YKL144C	S. cerevisiae	RPC25	RNA Polymerase C
S000001632	YKL149C	S. cerevisiae	DBR1	DeBRanching
S000001634	YKL151C	S. cerevisiae	NNR2	Nicotinamide Nucleotide Repair
S000001655	YKL172W	S. cerevisiae	EBP2	EBNA1-binding protein (homolog)
S000001663	YKL180W	S. cerevisiae	RPL17A	Ribosomal Protein of the Large subunit
S000001664	YKL181W	S. cerevisiae	PRS1	PhosphoRibosylpyrophosphate Synthetase
S000001666	YKL183W	S. cerevisiae	LOT5	LOw Temperature-responsive
S000001674	YKL191W	S. cerevisiae	DPH2	DiPHthamide
S000001680	YKL197C	S. cerevisiae	PEX1	PEroXin
S000001681	YKL198C	S. cerevisiae	PTK1	Putative serine/Threonine protein Kinase
S000001712	YKR004C	S. cerevisiae	ECM9	ExtraCellular Mutant
S000001717	YKR009C	S. cerevisiae	FOX2	Fatty acid OXidation
S000001719	YKR011C	S. cerevisiae	""	""
S000001732	YKR024C	S. cerevisiae	DBP7	Dead Box Protein
S000001733	YKR025W	S. cerevisiae	RPC37	RNA Polymerase C
S000001734	YKR026C	S. cerevisiae	GCN3	General Control Nonderepressible
S000001757	YKR049C	S. cerevisiae	FMP46	Found in Mitochondrial Proteome
S000001764	YKR056W	S. cerevisiae	TRM2	tRNA Methyltransferase
S000001775	YKR067W	S. cerevisiae	GPT2	Glycerol-3-Phosphate acylTransferase
S000001787	YKR079C	S. cerevisiae	TRZ1	tRNase Z
S000001789	YKR081C	S. cerevisiae	RPF2	Ribosome Production Factor
S000001800	YKR092C	S. cerevisiae	SRP40	Serine Rich Protein
S000001848	YFL046W	S. cerevisiae	FMP32	Found in Mitochondrial Proteome
S000001849	YFL045C	S. cerevisiae	SEC53	SECretory
S000001852	YFL042C	S. cerevisiae	LAM5	Lipid transfer protein Anchored at Membrane contact site
S000001861	YFL033C	S. cerevisiae	RIM15	Regulator of IME2
S000001871	YFL023W	S. cerevisiae	BUD27	BUD site selection
S000001872	YFL022C	S. cerevisiae	FRS2	phenylalanyl (F)-tRNA Synthetase
S000001886	YFL008W	S. cerevisiae	SMC1	Stability of MiniChromosomes
S000001894	YFL002C	S. cerevisiae	SPB4	Suppressor of PAB1
S000001897	YFR001W	S. cerevisiae	LOC1	LOCalization of mRNA
S000001898	YFR002W	S. cerevisiae	NIC96	Nucleoporin-Interacting Component of 96 kDa
S000001905	YFR009W	S. cerevisiae	GCN20	General Control Nonderepressible
S000001909	YFR013W	S. cerevisiae	IOC3	Iswi One Complex
S000001913	YFR017C	S. cerevisiae	IGD1	Inhibitor of Glycogen Debranching
S000001945	YFR049W	S. cerevisiae	YMR31	Yeast Mitochondrial Ribosomal protein
S000002156	YBR084C-A	S. cerevisiae	RPL19A	Ribosomal Protein of the Large subunit
S000002172	YDL014W	S. cerevisiae	NOP1	NucleOlar Protein
S000002178	YDL020C	S. cerevisiae	RPN4	Regulatory Particle Non-ATPase
S000002189	YDL031W	S. cerevisiae	DBP10	Dead Box Protein
S000002191	YDL033C	S. cerevisiae	SLM3	Synthetic Lethal with Mss4
S000002206	YDL048C	S. cerevisiae	STP4	protein with similarity to Stp1p
S000002209	YDL051W	S. cerevisiae	LHP1	La-Homologous Protein
S000002218	YDL060W	S. cerevisiae	TSR1	Twenty S rRNA accumulation
S000002219	YDL061C	S. cerevisiae	RPS29B	Ribosomal Protein of the Small subunit
S000002221	YDL063C	S. cerevisiae	SYO1	SYnchronized impOrt or SYmpOrtin
S000002232	YDL074C	S. cerevisiae	BRE1	BREfeldin A sensitivity
S000002233	YDL075W	S. cerevisiae	RPL31A	Ribosomal Protein of the Large subunit
S000002236	YDL078C	S. cerevisiae	MDH3	Malate DeHydrogenase
S000002239	YDL081C	S. cerevisiae	RPP1A	Ribosomal Protein P1 Alpha
S000002242	YDL084W	S. cerevisiae	SUB2	SUppressor of Brr1-1
S000002268	YDL110C	S. cerevisiae	TMA17	Translation Machinery Associated
S000002269	YDL111C	S. cerevisiae	RRP42	Ribosomal RNA Processing
S000002270	YDL112W	S. cerevisiae	TRM3	Transfer RNA Methyltransferase
S000002274	YDL116W	S. cerevisiae	NUP84	NUclear Pore
S000002275	YDL117W	S. cerevisiae	CYK3	CYtoKinesis
S000002295	YDL136W	S. cerevisiae	RPL35B	Ribosomal Protein of the Large subunit
S000002297	YDL138W	S. cerevisiae	RGT2	Restores Glucose Transport
S000002302	YDL143W	S. cerevisiae	CCT4	Chaperonin Containing TCP-1
S000002305	YDL146W	S. cerevisiae	LDB17	Low Dye Binding
S000002307	YDL148C	S. cerevisiae	NOP14	NucleOlar Protein
S000002308	YDL149W	S. cerevisiae	ATG9	AuTophaGy related
S000002309	YDL150W	S. cerevisiae	RPC53	RNA Polymerase C
S000002312	YDL153C	S. cerevisiae	SAS10	Something About Silencing
S000002325	YDL166C	S. cerevisiae	FAP7	Factor Activating Pos9
S000002326	YDL167C	S. cerevisiae	NRP1	N (asparagine)-Rich Protein
S000002328	YDL169C	S. cerevisiae	UGX2	Unidentified Gene X
S000002334	YDL175C	S. cerevisiae	AIR2	Arginine methyltransferase-Interacting RING finger protein
S000002339	YDL180W	S. cerevisiae	AIT1	Amino acid dependent Inhibitor of Torc1
S000002358	YDL199C	S. cerevisiae	""	""
S000002360	YDL201W	S. cerevisiae	TRM8	Transfer RNA Methyltransferase
S000002367	YDL208W	S. cerevisiae	NHP2	Non-Histone Protein
S000002372	YDL213C	S. cerevisiae	NOP6	NucleOlar Protein
S000002376	YDL217C	S. cerevisiae	TIM22	Translocase of the Inner Mitochondrial membrane
S000002377	YDL218W	S. cerevisiae	""	""
S000002381	YDL222C	S. cerevisiae	FMP45	Found in Mitochondrial Proteome
S000002388	YDL229W	S. cerevisiae	SSB1	Stress-Seventy subfamily B
S000002393	YDL234C	S. cerevisiae	GYP7	Gtpase-activating protein for Ypt7 Protein
S000002396	YDL237W	S. cerevisiae	AIM6	Altered Inheritance rate of Mitochondria
S000002397	YDL238C	S. cerevisiae	GUD1	GUanine Deaminase
S000002408	YDR001C	S. cerevisiae	NTH1	Neutral TreHalase
S000002409	YDR002W	S. cerevisiae	YRB1	Yeast Ran Binder
S000002419	YDR012W	S. cerevisiae	RPL4B	Ribosomal Protein of the Large subunit
S000002429	YDR022C	S. cerevisiae	ATG31	AuTophaGy related
S000002430	YDR023W	S. cerevisiae	SES1	SEryl-tRNA Synthetase
S000002432	YDR025W	S. cerevisiae	RPS11A	Ribosomal Protein of the Small subunit
S000002441	YDR034C	S. cerevisiae	LYS14	LYSine requiring
S000002444	YDR037W	S. cerevisiae	KRS1	Lysyl (K) tRNA Synthetase
S000002452	YDR045C	S. cerevisiae	RPC11	RNA Polymerase C
S000002467	YDR060W	S. cerevisiae	MAK21	MAintenance of Killer
S000002471	YDR064W	S. cerevisiae	RPS13	Ribosomal Protein of the Small subunit
S000002477	YDR070C	S. cerevisiae	FMP16	Found in Mitochondrial Proteome
S000002481	YDR074W	S. cerevisiae	TPS2	Trehalose-6-Phosphate Synthase/phosphatase
S000002482	YDR075W	S. cerevisiae	PPH3	Protein PHosphatase
S000002490	YDR083W	S. cerevisiae	RRP8	Ribosomal RNA Processing
S000002494	YDR087C	S. cerevisiae	RRP1	Ribosomal RNA Processing
S000002498	YDR091C	S. cerevisiae	RLI1	RNase L Inhibitor
S000002507	YDR100W	S. cerevisiae	TVP15	Tlg2-Vesicle Protein
S000002508	YDR101C	S. cerevisiae	ARX1	Associated with Ribosomal eXport complex
S000002513	YDR106W	S. cerevisiae	ARP10	Actin-Related Protein
S000002517	YDR110W	S. cerevisiae	FOB1	FOrk Blocking less
S000002527	YDR120C	S. cerevisiae	TRM1	tRNA Methyltransferase
S000002549	YDR142C	S. cerevisiae	PEX7	PEroXin
S000002563	YDR156W	S. cerevisiae	RPA14	RNA Polymerase A
S000002568	YDR161W	S. cerevisiae	ACL4	Assembly Chaperone of RpL4
S000002569	YDR162C	S. cerevisiae	NBP2	Nap1 Binding Protein
S000002572	YDR165W	S. cerevisiae	TRM82	Transfer RNA Methyltransferase
S000002576	YDR169C	S. cerevisiae	STB3	Sin Three Binding protein
S000002578	YDR171W	S. cerevisiae	HSP42	Heat Shock Protein
S000002579	YDR172W	S. cerevisiae	SUP35	SUPpressor
S000002592	YDR184C	S. cerevisiae	ATC1	Aip Three Complex
S000002598	YDR190C	S. cerevisiae	RVB1	RuVB-like
S000002599	YDR191W	S. cerevisiae	HST4	Homolog of SIR Two (SIR2)
S000002602	YDR194C	S. cerevisiae	MSS116	Mitochondrial Splicing System
S000002603	YDR195W	S. cerevisiae	REF2	RNA End Formation
S000002606	YDR198C	S. cerevisiae	RKM2	Ribosomal protein lysine (K) Methyltransferase
S000002619	YDR211W	S. cerevisiae	GCD6	General Control Derepressed
S000002636	YDR228C	S. cerevisiae	PCF11	Protein 1 of Cleavage and polyadenylation Factor I
S000002652	YDR244W	S. cerevisiae	PEX5	PEroXin
S000002656	YDR248C	S. cerevisiae	""	""
S000002660	YDR252W	S. cerevisiae	BTT1	BTf Three
S000002663	YDR255C	S. cerevisiae	RMD5	Required for Meiotic nuclear Division
S000002666	YDR258C	S. cerevisiae	HSP78	Heat Shock Protein
S000002670	YDR262W	S. cerevisiae	""	""
S000002678	YDR270W	S. cerevisiae	CCC2	Cross-Complements Ca(2+) phenotype of csg1
S000002688	YDR280W	S. cerevisiae	RRP45	Ribosomal RNA Processing
S000002707	YDR299W	S. cerevisiae	BFR2	BreFeldin A Resistance
S000002729	YDR321W	S. cerevisiae	ASP1	ASParaginase
S000002732	YDR324C	S. cerevisiae	UTP4	U Three Protein
S000002745	YDR337W	S. cerevisiae	MRPS28	Mitochondrial Ribosomal Protein, Small subunit
S000002747	YDR339C	S. cerevisiae	FCF1	Faf1p Copurifying Factor
S000002754	YDR346C	S. cerevisiae	SVF1	SurVival Factor
S000002769	YDR361C	S. cerevisiae	BCP1	""
S000002773	YDR365C	S. cerevisiae	ESF1	Eighteen S rRNA Factor
S000002776	YDR368W	S. cerevisiae	YPR1	Yeast Putative Reductase
S000002778	YDR370C	S. cerevisiae	DXO1	Decapping eXOnuclease
S000002790	YDR382W	S. cerevisiae	RPP2B	Ribosomal Protein P2 Beta
S000002795	YDR387C	S. cerevisiae	CIN10	Chromosome INstability
S000002803	YDR395W	S. cerevisiae	SXM1	Suppressor of mRNA eXport Mutant
S000002806	YDR398W	S. cerevisiae	UTP5	U Three Protein
S000002812	YDR404C	S. cerevisiae	RPB7	RNA Polymerase B
S000002820	YDR412W	S. cerevisiae	RRP17	Ribosomal RNA Processing
S000002837	YDR429C	S. cerevisiae	TIF35	Translation Initiation Factor
S000002840	YDR432W	S. cerevisiae	NPL3	Nuclear Protein Localization
S000002849	YDR441C	S. cerevisiae	APT2	Adenine PhosphoribosylTransferase
S000002855	YDR447C	S. cerevisiae	RPS17B	Ribosomal Protein of the Small subunit
S000002857	YDR449C	S. cerevisiae	UTP6	U Three Protein
S000002858	YDR450W	S. cerevisiae	RPS18A	Ribosomal Protein of the Small subunit
S000002862	YDR454C	S. cerevisiae	GUK1	GUanylate Kinase
S000002904	YDR496C	S. cerevisiae	PUF6	PUmilio-homology domain Family
S000002908	YDR500C	S. cerevisiae	RPL37B	Ribosomal Protein of the Large subunit
S000002909	YDR501W	S. cerevisiae	PLM2	PLasmid Maintenance
S000002923	YDR515W	S. cerevisiae	SLF1	SuLFide production
S000002957	YER007C-A	S. cerevisiae	TMA20	Translation Machinery Associated
S000002974	YGL006W	S. cerevisiae	PMC1	Plasma Membrane Calcium
S000002982	YGL014W	S. cerevisiae	PUF4	PUmilio-homology domain Family
S000002997	YGL029W	S. cerevisiae	CGR1	Coiled-coil Growth-Regulated
S000002998	YGL030W	S. cerevisiae	RPL30	Ribosomal Protein of the Large subunit
S000003011	YGL043W	S. cerevisiae	DST1	DNA Strand Transfer
S000003018	YGL050W	S. cerevisiae	TYW3	Trna-YW synthesizing protein
S000003031	YGL063W	S. cerevisiae	PUS2	PseudoUridine Synthase
S000003046	YGL078C	S. cerevisiae	DBP3	Dead Box Protein
S000003063	YGL095C	S. cerevisiae	VPS45	Vacuolar Protein Sorting
S000003065	YGL097W	S. cerevisiae	SRM1	Suppressor of Receptor Mutations
S000003067	YGL099W	S. cerevisiae	LSG1	Large-Subunit Gtpase
S000003071	YGL103W	S. cerevisiae	RPL28	Ribosomal Protein of the Large subunit
S000003072	YGL104C	S. cerevisiae	VPS73	Vacuolar Protein Sorting
S000003073	YGL105W	S. cerevisiae	ARC1	Aminoacyl-tRNA synthetase Cofactor
S000003079	YGL111W	S. cerevisiae	NSA1	Nop Seven Associated
S000003088	YGL120C	S. cerevisiae	PRP43	Pre-mRNA Processing
S000003090	YGL122C	S. cerevisiae	NAB2	Nuclear polyAdenylated RNA-Binding
S000003091	YGL123W	S. cerevisiae	RPS2	Ribosomal Protein of the Small subunit
S000003092	YGL124C	S. cerevisiae	MON1	MONensin sensitivity
S000003103	YGL135W	S. cerevisiae	RPL1B	Ribosomal Protein of the Large subunit
S000003114	YGL146C	S. cerevisiae	RRT6	Regulator of rDNA Transcription
S000003124	YGL156W	S. cerevisiae	AMS1	Alpha-MannoSidase
S000003139	YGL171W	S. cerevisiae	ROK1	Rescuer Of Kem1
S000003140	YGL172W	S. cerevisiae	NUP49	NUclear Pore
S000003148	YGL180W	S. cerevisiae	ATG1	AuTophaGy related
S000003157	YGL189C	S. cerevisiae	RPS26A	Ribosomal Protein of the Small subunit
S000003163	YGL195W	S. cerevisiae	GCN1	General Control Nonderepressible
S000003169	YGL201C	S. cerevisiae	MCM6	MiniChromosome Maintenance
S000003179	YGL211W	S. cerevisiae	NCS6	Needs Cla4 to Survive
S000003187	YGL219C	S. cerevisiae	MDM34	Mitochondrial Distribution and Morphology
S000003192	YGL224C	S. cerevisiae	SDT1	Suppressor of Disruption of TFIIS
S000003195	YGL226W	S. cerevisiae	MTC3	Maintenance of Telomere Capping
S000003196	YGL227W	S. cerevisiae	VID30	Vacuolar Import and Degradation
S000003201	YGL232W	S. cerevisiae	TAN1	Trna AcetylatioN
S000003203	YGL234W	S. cerevisiae	ADE57	ADEnine requiring
S000003214	YGL245W	S. cerevisiae	GUS1	GlUtamyl-tRNA Synthetase
S000003215	YGL246C	S. cerevisiae	RAI1	Rat1p Interacting Protein
S000003217	YGL248W	S. cerevisiae	PDE1	PhosphoDiEsterase
S000003233	YGR001C	S. cerevisiae	EFM5	Elongation Factor Methyltransferase
S000003240	YGR008C	S. cerevisiae	STF2	STabilizing Factor
S000003251	YGR019W	S. cerevisiae	UGA1	Utilization of GAba
S000003259	YGR027C	S. cerevisiae	RPS25A	Ribosomal Protein of the Small subunit
S000003263	YGR031W	S. cerevisiae	IMO32	Intermediate cleaved by Mitochondrial Octapeptidyl aminopeptidase
S000003266	YGR034W	S. cerevisiae	RPL26B	Ribosomal Protein of the Large subunit
S000003270	YGR038W	S. cerevisiae	ORM1	""
S000003278	YGR046W	S. cerevisiae	TAM41	Translocator Assembly and Maintenance
S000003293	YGR061C	S. cerevisiae	ADE6	ADEnine requiring
S000003313	YGR081C	S. cerevisiae	SLX9	""
S000003315	YGR083C	S. cerevisiae	GCD2	General Control Derepressed
S000003317	YGR085C	S. cerevisiae	RPL11B	Ribosomal Protein of the Large subunit
S000003322	YGR090W	S. cerevisiae	UTP22	U Three Protein
S000003326	YGR094W	S. cerevisiae	VAS1	VAlyl-tRNA Synthetase
S000003335	YGR103W	S. cerevisiae	NOP7	NucleOlar Protein
S000003351	YGR119C	S. cerevisiae	NUP57	NUclear Pore
S000003355	YGR123C	S. cerevisiae	PPT1	Protein Phosphatase T
S000003360	YGR128C	S. cerevisiae	UTP8	U Three Protein
S000003368	YGR136W	S. cerevisiae	LSB1	Las Seventeen Binding protein
S000003377	YGR145W	S. cerevisiae	ENP2	Essential Nuclear Protein
S000003380	YGR148C	S. cerevisiae	RPL24B	Ribosomal Protein of the Large subunit
S000003382	YGR150C	S. cerevisiae	CCM1	COB and COX1 mRNA maturation
S000003391	YGR159C	S. cerevisiae	NSR1	""
S000003394	YGR162W	S. cerevisiae	TIF4631	Translation Initiation Factor
S000003405	YGR173W	S. cerevisiae	RBG2	RiBosome interacting Gtpase
S000003419	YGR187C	S. cerevisiae	HGH1	HmG1/2 Homolog
S000003426	YGR194C	S. cerevisiae	XKS1	XyluloKinaSe
S000003427	YGR195W	S. cerevisiae	SKI6	SuperKIller
S000003432	YGR200C	S. cerevisiae	ELP2	ELongator Protein
S000003437	YGR205W	S. cerevisiae	TDA10	Topoisomerase I Damage Affected
S000003440	YGR208W	S. cerevisiae	SER2	SERine requiring
S000003446	YGR214W	S. cerevisiae	RPS0A	Ribosomal Protein of the Small subunit
S000003464	YGR232W	S. cerevisiae	NAS6	Non-ATPase Subunit 6
S000003476	YGR244C	S. cerevisiae	LSC2	Ligase of Succinyl-CoA
S000003477	YGR245C	S. cerevisiae	SDA1	Severe Depolymerization of Actin
S000003482	YGR250C	S. cerevisiae	RIE1	Restoration of Impaired growths of ERMES-lacking cells
S000003495	YGR263C	S. cerevisiae	SAY1	Steryl Acetyl hYdrolase
S000003496	YGR264C	S. cerevisiae	MES1	MEthionyl-tRNA Synthetase
S000003500	YGR268C	S. cerevisiae	HUA1	""
S000003512	YGR280C	S. cerevisiae	PXR1	PinX1-Related gene
S000003515	YGR283C	S. cerevisiae	UPA1	Urb2 particle associated methyl-transferase 
S000003517	YGR285C	S. cerevisiae	ZUO1	ZUOtin
S000003541	YJL004C	S. cerevisiae	SYS1	Suppressor of Ypt Six
S000003543	YJL006C	S. cerevisiae	CTK2	Carboxy-Terminal domain Kinase
S000003545	YJL008C	S. cerevisiae	CCT8	Chaperonin Containing TCP-1
S000003547	YJL010C	S. cerevisiae	NOP9	NucleOlar Protein
S000003548	YJL011C	S. cerevisiae	RPC17	RNA Polymerase C
S000003551	YJL014W	S. cerevisiae	CCT3	Chaperonin Containing TCP-1
S000003557	YJL020C	S. cerevisiae	BBC1	Bni1 synthetic lethal and Bee1 (las17) Complex member
S000003570	YJL033W	S. cerevisiae	HCA4	Helicase CA
S000003577	YJL041W	S. cerevisiae	NSP1	NucleoSkeletal-like Protein
S000003578	YJL042W	S. cerevisiae	MHP1	MAP-Homologous Protein
S000003584	YJL048C	S. cerevisiae	UBX6	UBiquitin regulatory X
S000003586	YJL050W	S. cerevisiae	MTR4	Mrna TRansport
S000003589	YJL053W	S. cerevisiae	PEP8	carboxyPEPtidase Y-deficient
S000003591	YJL055W	S. cerevisiae	LOG1	LOnely Guy
S000003593	YJL057C	S. cerevisiae	IKS1	""
S000003594	YJL058C	S. cerevisiae	BIT61	Binding partner of Tor2p
S000003595	YJL059W	S. cerevisiae	YHC3	Yeast Homolog of human Cln3
S000003597	YJL061W	S. cerevisiae	NUP82	NUclear Pore
S000003602	YJL066C	S. cerevisiae	MPM1	Mitochondrial Peculiar Membrane protein
S000003605	YJL069C	S. cerevisiae	UTP18	U Three Protein
S000003610	YJL074C	S. cerevisiae	SMC3	Stability of MiniChromosomes
S000003620	YJL084C	S. cerevisiae	ALY2	Arrestin-Like Yeast protein
S000003623	YJL087C	S. cerevisiae	TRL1	tRNA Ligase
S000003645	YJL109C	S. cerevisiae	UTP10	U Three Protein
S000003658	YJL122W	S. cerevisiae	ALB1	Arx1 Little Brother
S000003672	YJL136C	S. cerevisiae	RPS21B	Ribosomal Protein of the Small subunit
S000003684	YJL148W	S. cerevisiae	RPA34	RNA Polymerase A
S000003719	YJL183W	S. cerevisiae	MNN11	MaNNosyltransferase
S000003726	YJL190C	S. cerevisiae	RPS22A	Ribosomal Protein of the Small subunit
S000003744	YJL208C	S. cerevisiae	NUC1	NUClease
S000003762	YJR002W	S. cerevisiae	MPP10	M Phase Phosphoproteins
S000003763	YJR003C	S. cerevisiae	MRX12	Mitochondrial oRganization of gene eXpression (MIOREX)
S000003767	YJR007W	S. cerevisiae	SUI2	SUppressor of Initiator codon
S000003768	YJR008W	S. cerevisiae	MHO1	Memo HOmolog
S000003775	YJR014W	S. cerevisiae	TMA22	Translation Machinery Associated
S000003780	YJR019C	S. cerevisiae	TES1	ThioESterase
S000003793	YJR032W	S. cerevisiae	CPR7	Cyclosporin-sensitive Proline Rotamase
S000003802	YJR041C	S. cerevisiae	URB2	Unhealthy Ribosome Biogenesis
S000003803	YJR042W	S. cerevisiae	NUP85	NUclear Pore
S000003813	YJR052W	S. cerevisiae	RAD7	RADiation sensitive
S000003823	YJR062C	S. cerevisiae	NTA1	N-Terminal Amidase
S000003824	YJR063W	S. cerevisiae	RPA12	RNA Polymerase A
S000003831	YJR070C	S. cerevisiae	LIA1	Ligand of eIF5A
S000003857	YJR096W	S. cerevisiae	""	""
S000003884	YJR123W	S. cerevisiae	RPS5	Ribosomal Protein of the Small subunit
S000003885	YJR124C	S. cerevisiae	""	""
S000003893	YJR132W	S. cerevisiae	NMD5	Nonsense-Mediated mRNA Decay
S000003894	YJR133W	S. cerevisiae	XPT1	Xanthine Phosphoribosyl Transferase
S000003934	YLL011W	S. cerevisiae	SOF1	Suppressor Of Fibrillarin
S000003941	YLL018C	S. cerevisiae	DPS1	""
S000003942	YLL019C	S. cerevisiae	KNS1	Kinase Next to SPA2
S000003957	YLL034C	S. cerevisiae	RIX7	RIbosome eXport
S000003962	YLL039C	S. cerevisiae	UBI4	Ubiquitin
S000003991	YLR001C	S. cerevisiae	""	""
S000003992	YLR002C	S. cerevisiae	NOC3	NucleOlar Complex associated
S000003993	YLR003C	S. cerevisiae	CMS1	Complementation of Mcm-10 Suppressor
S000003994	YLR004C	S. cerevisiae	THI73	THIamine regulon
S000003999	YLR009W	S. cerevisiae	RLP24	Ribosomal-Like Protein
S000004007	YLR017W	S. cerevisiae	MEU1	Multicopy Enhancer of UAS2
S000004010	YLR020C	S. cerevisiae	YEH2	Yeast steryl Ester Hydrolase
S000004041	YLR051C	S. cerevisiae	FCF2	Faf1p Copurifying Factor
S000004049	YLR059C	S. cerevisiae	REX2	Rna EXonuclease
S000004050	YLR060W	S. cerevisiae	FRS1	phenylalanyl (F)-tRNA Synthetase
S000004053	YLR063W	S. cerevisiae	BMT6	Base Methyltransferase of Twenty five S rRNA 6
S000004063	YLR073C	S. cerevisiae	RFU1	Regulator of Free Ubiquitin chains
S000004064	YLR074C	S. cerevisiae	BUD20	BUD site selection
S000004065	YLR075W	S. cerevisiae	RPL10	Ribosomal Protein of the Large subunit
S000004074	YLR084C	S. cerevisiae	RAX2	""
S000004096	YLR106C	S. cerevisiae	REA1	Ribosome Export/Assembly
S000004109	YLR119W	S. cerevisiae	SRN2	Suppressor of Rna mutations, Number 2
S000004119	YLR129W	S. cerevisiae	DIP2	DOM34 Interacting Protein
S000004129	YLR139C	S. cerevisiae	SLS1	Synthetic Lethal with SSM4
S000004136	YLR146C	S. cerevisiae	SPE4	SPErmidine auxotroph
S000004139	YLR149C	S. cerevisiae	GID11	Glucose Induced Degradation deficient
S000004140	YLR150W	S. cerevisiae	STM1	Suppressor of ToM1
S000004157	YLR167W	S. cerevisiae	RPS31	Ribosomal Protein of the Small subunit
S000004162	YLR172C	S. cerevisiae	DPH5	DiPHthamide
S000004165	YLR175W	S. cerevisiae	CBF5	Centromere Binding Factor
S000004166	YLR176C	S. cerevisiae	RFX1	Regulatory Factor X
S000004168	YLR178C	S. cerevisiae	TFS1	cdc Twenty-Five Suppressor
S000004176	YLR186W	S. cerevisiae	EMG1	Essential for Mitotic Growth
S000004182	YLR192C	S. cerevisiae	HCR1	High-Copy suppressor of Rpg1
S000004185	YLR195C	S. cerevisiae	NMT1	N-Myristoyl Transferase
S000004186	YLR196W	S. cerevisiae	PWP1	Periodic tryptophan (W) Protein
S000004187	YLR197W	S. cerevisiae	NOP56	NucleOlar Protein of 56.8 kDa
S000004199	YLR209C	S. cerevisiae	PNP1	purine nucleoside phosphorylase
S000004211	YLR221C	S. cerevisiae	RSA3	RiboSome Assembly
S000004212	YLR222C	S. cerevisiae	UTP13	U Three Protein
S000004229	YLR239C	S. cerevisiae	LIP2	LIPoyl ligase
S000004233	YLR243W	S. cerevisiae	GPN3	Gly-Pro-Asn (N) motif
S000004234	YLR244C	S. cerevisiae	MAP1	Methionine AminoPeptidase
S000004257	YLR267W	S. cerevisiae	BOP2	Bypass Of Pam1
S000004266	YLR276C	S. cerevisiae	DBP9	Dead Box Protein
S000004275	YLR285W	S. cerevisiae	NNT1	Nicotinamide N-methylTransferase
S000004277	YLR287C	S. cerevisiae	""	""
S000004282	YLR291C	S. cerevisiae	GCD7	General Control Derepressed
S000004290	YLR299W	S. cerevisiae	ECM38	ExtraCellular Mutant
S000004303	YLR312C	S. cerevisiae	ATG39	AuTophaGy related
S000004305	YLR313C	S. cerevisiae	SPH1	SPa2 Homolog
S000004317	YLR325C	S. cerevisiae	RPL38	Ribosomal Protein of the Large subunit
S000004328	YLR336C	S. cerevisiae	SGD1	Suppressor of Glycerol Defect
S000004332	YLR340W	S. cerevisiae	RPP0	Ribosomal Protein P0
S000004344	YLR352W	S. cerevisiae	LUG1	Lets [URE3]/ure2 Grow
S000004353	YLR361C	S. cerevisiae	DCR2	Dose-dependent Cell cycle Regulator
S000004364	YLR372W	S. cerevisiae	ELO3	fatty acid ELOngation
S000004376	YLR384C	S. cerevisiae	IKI3	Insensitive to KIller toxin
S000004389	YLR397C	S. cerevisiae	AFG2	ATPase Family Gene
S000004393	YLR401C	S. cerevisiae	DUS3	DihydroUridine Synthase
S000004400	YLR408C	S. cerevisiae	BLS1	BLoS1-homolog
S000004401	YLR409C	S. cerevisiae	UTP21	U Three Protein
S000004405	YLR413W	S. cerevisiae	INA1	INdicator of Abscission
S000004424	YLR432W	S. cerevisiae	IMD3	IMP Dehydrogenase
S000004427	YLR435W	S. cerevisiae	TSR2	Twenty S rRNA accumulation
S000004431	YLR439W	S. cerevisiae	MRPL4	Mitochondrial Ribosomal Protein, Large subunit
S000004470	YML010W	S. cerevisiae	SPT5	SuPpressor of Ty's
S000004476	YML014W	S. cerevisiae	TRM9	TRna Methyltransferase
S000004491	YML029W	S. cerevisiae	USA1	U1-Snp1 Associating
S000004502	YML038C	S. cerevisiae	YMD8	""
S000004506	YML042W	S. cerevisiae	CAT2	Carnitine AcetylTransferase
S000004528	YML063W	S. cerevisiae	RPS1B	Ribosomal Protein of the Small subunit
S000004538	YML073C	S. cerevisiae	RPL6A	Ribosomal Protein of the Large subunit
S000004539	YML074C	S. cerevisiae	FPR3	Fk 506-sensitive Proline Rotamase
S000004545	YML080W	S. cerevisiae	DUS1	DihydroUridine Synthase
S000004558	YML093W	S. cerevisiae	UTP14	U Three Protein
S000004576	YML108W	S. cerevisiae	""	""
S000004597	YML128C	S. cerevisiae	MSC1	Meiotic Sister-Chromatid recombination
S000004616	YMR014W	S. cerevisiae	BUD22	BUD site selection
S000004627	YMR025W	S. cerevisiae	CSI1	Cop9 Signalosome Interactor
S000004652	YMR049C	S. cerevisiae	ERB1	Eukaryotic Ribosome Biogenesis
S000004657	YMR053C	S. cerevisiae	STB2	Sin Three Binding protein
S000004658	YMR054W	S. cerevisiae	STV1	Similar To VPH1
S000004674	YMR070W	S. cerevisiae	MOT3	Modifier of Transcription
S000004685	YMR080C	S. cerevisiae	NAM7	Nuclear Accommodation of Mitochondria
S000004699	YMR093W	S. cerevisiae	UTP15	U Three Protein
S000004711	YMR105C	S. cerevisiae	PGM2	PhosphoGlucoMutase
S000004712	YMR106C	S. cerevisiae	YKU80	Yeast KU protein
S000004713	YMR107W	S. cerevisiae	SPG4	Stationary Phase Gene
S000004716	YMR110C	S. cerevisiae	HFD1	Homolog of Fatty aldehyde Dehydrogenase
S000004717	YMR111C	S. cerevisiae	EUC1	Enriches Ubiquitin on Chromatin
S000004720	YMR114C	S. cerevisiae	""	""
S000004722	YMR116C	S. cerevisiae	ASC1	Absence of growth Suppressor of Cyp1
S000004728	YMR121C	S. cerevisiae	RPL15B	Ribosomal Protein of the Large subunit
S000004735	YMR128W	S. cerevisiae	ECM16	ExtraCellular Mutant
S000004748	YMR140W	S. cerevisiae	SIP5	Snf1 Interacting Protein
S000004754	YMR146C	S. cerevisiae	TIF34	Translation Initiation Factor
S000004764	YMR155W	S. cerevisiae	""	""
S000004780	YMR170C	S. cerevisiae	ALD2	ALdehyde Dehydrogenase
S000004781	YMR171C	S. cerevisiae	EAR1	Endosomal Adaptor of Rsp5p
S000004800	YMR188C	S. cerevisiae	MRPS17	Mitochondrial Ribosomal Protein, Small subunit
S000004803	YMR191W	S. cerevisiae	SPG5	Stationary Phase Gene
S000004809	YMR196W	S. cerevisiae	""	""
S000004810	YMR197C	S. cerevisiae	VTI1	Vps10 (Ten) Interacting
S000004828	YMR215W	S. cerevisiae	GAS3	Glycophospholipid-Anchored Surface protein
S000004829	YMR216C	S. cerevisiae	SKY1	SRPK1-like Kinase in Yeast
S000004830	YMR217W	S. cerevisiae	GUA1	GUanine Auxotroph
S000004842	YMR229C	S. cerevisiae	RRP5	Ribosomal RNA Processing
S000004852	YMR239C	S. cerevisiae	RNT1	RNase Three
S000004861	YMR247C	S. cerevisiae	RKR1	RING domain mutant Killed by Rtf1 deletion
S000004862	YMR250W	S. cerevisiae	GAD1	GlutAmate Decarboxylase
S000004866	YMR253C	S. cerevisiae	""	""
S000004872	YMR259C	S. cerevisiae	TRM732	Transfer RNA Methyltransferase
S000004873	YMR260C	S. cerevisiae	TIF11	Translation Initiation Factor
S000004874	YMR261C	S. cerevisiae	TPS3	Trehalose Phosphate Synthase
S000004882	YMR269W	S. cerevisiae	TMA23	Translation Machinery Associated
S000004884	YMR271C	S. cerevisiae	URA10	URAcil requiring
S000004893	YMR280C	S. cerevisiae	CAT8	CATabolite repression
S000004903	YMR290C	S. cerevisiae	HAS1	Helicase Associated with Set1
S000004905	YMR291W	S. cerevisiae	TDA1	Topoisomerase I Damage Affected
S000004912	YMR297W	S. cerevisiae	PRC1	PRoteinase C
S000004913	YMR298W	S. cerevisiae	LIP1	Lag1p/Lac1p Interacting Protein
S000004926	YMR309C	S. cerevisiae	NIP1	Nuclear ImPort
S000004928	YMR311C	S. cerevisiae	GLC8	GLyCogen
S000004947	YNL002C	S. cerevisiae	RLP7	Ribosomal-Like Protein
S000004951	YNL006W	S. cerevisiae	LST8	Lethal with Sec Thirteen
S000004953	YNL008C	S. cerevisiae	ASI3	Amino acid Sensor-Independent
S000004954	YNL009W	S. cerevisiae	IDP3	Isocitrate Dehydrogenase, NADP-dependent
S000004959	YNL014W	S. cerevisiae	HEF3	Homolog of EF-3
S000004960	YNL015W	S. cerevisiae	PBI2	Proteinase B Inhibitor
S000004961	YNL016W	S. cerevisiae	PUB1	PolyUridylate Binding
S000004967	YNL022C	S. cerevisiae	RCM1	""
S000004968	YNL023C	S. cerevisiae	FAP1	FKBP12-Associated Protein
S000004984	YNL039W	S. cerevisiae	BDP1	B Double Prime
S000005005	YNL061W	S. cerevisiae	NOP2	NucleOlar Protein
S000005006	YNL062C	S. cerevisiae	GCD10	General Control Derepressed
S000005011	YNL067W	S. cerevisiae	RPL9B	Ribosomal Protein of the Large subunit
S000005019	YNL075W	S. cerevisiae	IMP4	Interacting with Mpp10p
S000005046	YNL102W	S. cerevisiae	POL1	POLymerase
S000005054	YNL110C	S. cerevisiae	NOP15	NucleOlar Protein
S000005056	YNL112W	S. cerevisiae	DBP2	Dead Box Protein
S000005057	YNL113W	S. cerevisiae	RPC19	RNA Polymerase C
S000005059	YNL115C	S. cerevisiae	""	""
S000005063	YNL119W	S. cerevisiae	NCS2	Needs Cla4 to Survive
S000005068	YNL124W	S. cerevisiae	NAF1	Nuclear Assembly Factor
S000005076	YNL132W	S. cerevisiae	KRE33	Killer toxin REsistant
S000005085	YNL141W	S. cerevisiae	AAH1	Adenine AminoHydrolase
S000005095	YNL151C	S. cerevisiae	RPC31	RNA Polymerase C
S000005097	YNL153C	S. cerevisiae	GIM3	Gene Involved in Microtubule biogenesis
S000005103	YNL159C	S. cerevisiae	ASI2	Amino acid Sensor-Independent
S000005109	YNL165W	S. cerevisiae	""	""
S000005112	YNL168C	S. cerevisiae	FMP41	Found in Mitochondrial Proteome
S000005119	YNL175C	S. cerevisiae	NOP13	NucleOlar Protein
S000005122	YNL178W	S. cerevisiae	RPS3	Ribosomal Protein of the Small subunit
S000005126	YNL182C	S. cerevisiae	IPI3	Involved in Processing ITS2
S000005130	YNL186W	S. cerevisiae	UBP10	UBiquitin-specific Protease
S000005133	YNL189W	S. cerevisiae	SRP1	Suppressor of Rna Polymerase I
S000005145	YNL201C	S. cerevisiae	PSY2	Platinum SensitivitY
S000005151	YNL207W	S. cerevisiae	RIO2	RIght Open reading frame
S000005157	YNL213C	S. cerevisiae	RRG9	Required for Respiratory Growth
S000005165	YNL221C	S. cerevisiae	POP1	Processing Of Precursor RNAs
S000005171	YNL227C	S. cerevisiae	JJJ1	J-protein (Type III)
S000005176	YNL232W	S. cerevisiae	CSL4	Cep1 Synthetic Lethal
S000005192	YNL248C	S. cerevisiae	RPA49	RNA Polymerase A
S000005196	YNL252C	S. cerevisiae	MRPL17	Mitochondrial Ribosomal Protein, Large subunit
S000005199	YNL255C	S. cerevisiae	GIS2	GIg Suppressor
S000005218	YNL274C	S. cerevisiae	GOR1	GlyOxylate Reductase
S000005234	YNL290W	S. cerevisiae	RFC3	Replication Factor C
S000005235	YNL291C	S. cerevisiae	MID1	Mating pheromone-Induced Death
S000005236	YNL292W	S. cerevisiae	PUS4	PseudoUridine Synthase
S000005249	YNL305C	S. cerevisiae	BXI1	BaX Inhibitor
S000005252	YNL308C	S. cerevisiae	KRI1	KRR1-Interacting protein
S000005257	YNL313C	S. cerevisiae	EMW1	Essential for Maintenance of the cell Wall
S000005259	YNL315C	S. cerevisiae	ATP11	ATP synthase
S000005286	YNR003C	S. cerevisiae	RPC34	RNA Polymerase C
S000005289	YNR006W	S. cerevisiae	VPS27	Vacuolar Protein Sorting
S000005295	YNR012W	S. cerevisiae	URK1	URidine Kinase
S000005298	YNR015W	S. cerevisiae	SMM1	Suppressor of Mitochondrial Mutation
S000005307	YNR024W	S. cerevisiae	MPP6	M-Phase Phosphoprotein 6 homolog
S000005321	YNR038W	S. cerevisiae	DBP6	Dead Box Protein
S000005329	YNR046W	S. cerevisiae	TRM112	TRna Methyltransferase
S000005334	YNR051C	S. cerevisiae	BRE5	BREfeldin A sensitivity
S000005336	YNR053C	S. cerevisiae	NOG2	NucleOlar G-protein
S000005337	YNR054C	S. cerevisiae	ESF2	Eighteen S rRNA Factor 2
S000005370	YOL010W	S. cerevisiae	RCL1	Rna 3'-terminal phosphate Cyclase Like
S000005381	YOL021C	S. cerevisiae	DIS3	homolog of S. pombe dis3 (chromosome DISjunction)
S000005382	YOL022C	S. cerevisiae	TSR4	Twenty S rRNA accumulation
S000005400	YOL040C	S. cerevisiae	RPS15	Ribosomal Protein of the Small subunit
S000005401	YOL041C	S. cerevisiae	NOP12	NucleOlar Protein
S000005414	YOL053W	S. cerevisiae	AIM39	Altered Inheritance rate of Mitochondria
S000005437	YOL077C	S. cerevisiae	BRX1	Xenopus laevis Brix (Biogenesis of Ribosomes in Xenopus) homolog
S000005440	YOL080C	S. cerevisiae	REX4	Rna EXonuclease
S000005457	YOL097C	S. cerevisiae	WRS1	W (tryptophan) RS (tRNA synthetase)
S000005475	YOL115W	S. cerevisiae	PAP2	Poly(A) Polymerase
S000005480	YOL120C	S. cerevisiae	RPL18A	Ribosomal Protein of the Large subunit
S000005481	YOL121C	S. cerevisiae	RPS19A	Ribosomal Protein of the Small subunit
S000005483	YOL123W	S. cerevisiae	HRP1	Heterogenous nuclear RibonucleoProtein
S000005484	YOL124C	S. cerevisiae	TRM11	TRna Methyltransferase
S000005487	YOL127W	S. cerevisiae	RPL25	Ribosomal Protein of the Large subunit
S000005490	YOL130W	S. cerevisiae	ALR1	ALuminum Resistance
S000005499	YOL139C	S. cerevisiae	CDC33	Cell Division Cycle
S000005500	YOL140W	S. cerevisiae	ARG8	ARGinine requiring
S000005501	YOL141W	S. cerevisiae	PPM2	Protein Phosphatase Methyltransferase
S000005502	YOL142W	S. cerevisiae	RRP40	Ribosomal RNA Processing
S000005504	YOL144W	S. cerevisiae	NOP8	NucleOlar Protein
S000005527	YOR001W	S. cerevisiae	RRP6	Ribosomal RNA Processing
S000005530	YOR004W	S. cerevisiae	UTP23	U Three-associated Protein
S000005556	YOR030W	S. cerevisiae	DFG16	Defective for Filamentous Growth
S000005561	YOR035C	S. cerevisiae	SHE4	Swi5p-dependent HO Expression
S000005565	YOR039W	S. cerevisiae	CKB2	Casein Kinase Beta' subunit
S000005572	YOR046C	S. cerevisiae	DBP5	Dead Box Protein
S000005578	YOR052C	S. cerevisiae	TMC1	Trivalent Metalloid sensitive, Cuz1-related protein
S000005582	YOR056C	S. cerevisiae	NOB1	Nin1 (One) Binding protein
S000005589	YOR063W	S. cerevisiae	RPL3	Ribosomal Protein of the Large subunit
S000005600	YOR074C	S. cerevisiae	CDC21	Cell Division Cycle
S000005604	YOR078W	S. cerevisiae	BUD21	BUD site selection
S000005617	YOR091W	S. cerevisiae	TMA46	Translation Machinery Associated
S000005620	YOR094W	S. cerevisiae	ARF3	ADP-Ribosylation Factor
S000005621	YOR095C	S. cerevisiae	RKI1	Ribose-5-phosphate Ketol-Isomerase
S000005622	YOR096W	S. cerevisiae	RPS7A	Ribosomal Protein of the Small subunit
S000005642	YOR116C	S. cerevisiae	RPO31	RNA POlymerase
S000005645	YOR119C	S. cerevisiae	RIO1	RIght Open reading frame
S000005656	YOR130C	S. cerevisiae	ORT1	ORnithine Transporter
S000005657	YOR131C	S. cerevisiae	""	""
S000005671	YOR145C	S. cerevisiae	PNO1	Partner of NOb1
S000005681	YOR155C	S. cerevisiae	ISN1	IMP-Specific 5'-Nucleotidase
S000005693	YOR167C	S. cerevisiae	RPS28A	Ribosomal Protein of the Small subunit
S000005694	YOR168W	S. cerevisiae	GLN4	GLutamiNe metabolism
S000005699	YOR173W	S. cerevisiae	DCS2	DeCapping Scavenger
S000005704	YOR178C	S. cerevisiae	GAC1	Glycogen ACcumulation
S000005708	YOR182C	S. cerevisiae	RPS30B	Ribosomal Protein of the Small subunit
S000005724	YOR198C	S. cerevisiae	BFR1	BreFeldin A Resistance
S000005727	YOR201C	S. cerevisiae	MRM1	Mitochondrial rRNA Methyltransferase
S000005732	YOR206W	S. cerevisiae	NOC2	NucleOlar Complex associated
S000005733	YOR207C	S. cerevisiae	RET1	Reduced Efficiency of Termination
S000005736	YOR210W	S. cerevisiae	RPB10	RNA Polymerase B
S000005742	YOR216C	S. cerevisiae	RUD3	Relieves Uso1-1 transport Defect
S000005743	YOR217W	S. cerevisiae	RFC1	Replication Factor C
S000005746	YOR220W	S. cerevisiae	RCN2	Regulator of CalciNeurin
S000005750	YOR224C	S. cerevisiae	RPB8	RNA Polymerase B
S000005769	YOR243C	S. cerevisiae	PUS7	PseudoUridine Synthase
S000005778	YOR252W	S. cerevisiae	TMA16	Translation Machinery Associated
S000005779	YOR253W	S. cerevisiae	NAT5	N-terminal AcetylTransferase
S000005783	YOR257W	S. cerevisiae	CDC31	Cell Division Cycle
S000005786	YOR260W	S. cerevisiae	GCD1	General Control Derepressed
S000005797	YOR271C	S. cerevisiae	FSF1	Fungal SideroFlexin 1
S000005798	YOR272W	S. cerevisiae	YTM1	""
S000005800	YOR274W	S. cerevisiae	MOD5	tRNA MODification
S000005802	YOR276W	S. cerevisiae	CAF20	Cap Associated Factor
S000005813	YOR287C	S. cerevisiae	RRP36	Ribosomal RNA Processing
S000005815	YOR289W	S. cerevisiae	""	""
S000005819	YOR293W	S. cerevisiae	RPS10A	Ribosomal Protein of the Small subunit
S000005820	YOR294W	S. cerevisiae	RRS1	Regulator of Ribosome Synthesis
S000005837	YOR310C	S. cerevisiae	NOP58	NucleOlar Protein of 58 kDa
S000005839	YOR312C	S. cerevisiae	RPL20B	Ribosomal Protein of the Large subunit
S000005847	YOR320C	S. cerevisiae	GNT1	GlcNAc Transferase
S000005867	YOR340C	S. cerevisiae	RPA43	RNA Polymerase A
S000005868	YOR341W	S. cerevisiae	RPA190	RNA Polymerase A
S000005888	YOR361C	S. cerevisiae	PRT1	PRoTein synthesis
S000005896	YOR369C	S. cerevisiae	RPS12	Ribosomal Protein of the Small subunit
S000005901	YOR374W	S. cerevisiae	ALD4	ALdehyde Dehydrogenase
S000005916	YOR389W	S. cerevisiae	""	""
S000005927	YPL006W	S. cerevisiae	NCR1	Niemann-pick type C Related
S000005933	YPL012W	S. cerevisiae	RRP12	Ribosomal RNA Processing
S000005951	YPL030W	S. cerevisiae	TRM44	TRna Methyltransferase
S000005964	YPL043W	S. cerevisiae	NOP4	NucleOlar Protein
S000005966	YPL045W	S. cerevisiae	VPS16	Vacuolar Protein Sorting
S000005969	YPL048W	S. cerevisiae	CAM1	Calcium And Membrane-binding protein
S000005975	YPL054W	S. cerevisiae	LEE1	""
S000005981	YPL060W	S. cerevisiae	MFM1	Mrs2 Function Modulating factor
S000005991	YPL070W	S. cerevisiae	MUK1	coMpUtationally-linked to Kap95
S000006005	YPL084W	S. cerevisiae	BRO1	BCK1-like Resistance to Osmotic shock
S000006007	YPL086C	S. cerevisiae	ELP3	ELongator Protein
S000006014	YPL093W	S. cerevisiae	NOG1	NucleOlar G-protein
S000006017	YPL096W	S. cerevisiae	PNG1	Peptide N-Glycanase
S000006021	YPL100W	S. cerevisiae	ATG21	AuTophaGy related
S000006031	YPL110C	S. cerevisiae	GDE1	GlycerophosphoDiEsterase
S000006038	YPL117C	S. cerevisiae	IDI1	Isopentenyl Diphosphate Isomerase
S000006044	YPL123C	S. cerevisiae	RNY1	RiboNuclease from Yeast
S000006047	YPL126W	S. cerevisiae	NAN1	Net1 Associated Nuclear protein
S000006052	YPL131W	S. cerevisiae	RPL5	Ribosomal Protein of the Large subunit
S000006060	YPL139C	S. cerevisiae	UME1	Unscheduled Meiotic gene Expression
S000006064	YPL143W	S. cerevisiae	RPL33A	Ribosomal Protein of the Large subunit
S000006067	YPL146C	S. cerevisiae	NOP53	NucleOlar Protein
S000006075	YPL154C	S. cerevisiae	PEP4	carboxyPEPtidase Y-deficient
S000006080	YPL159C	S. cerevisiae	PET20	PETite colonies
S000006081	YPL160W	S. cerevisiae	CDC60	Cell Division Cycle
S000006104	YPL183C	S. cerevisiae	RTT10	Regulator of Ty1 Transposition
S000006107	YPL186C	S. cerevisiae	UIP4	Ulp1 Interacting Protein
S000006109	YPL188W	S. cerevisiae	POS5	PerOxide Sensitive
S000006122	YPL201C	S. cerevisiae	YIG1	Yeast protein Interacting with Glycerol 3-phosphatase
S000006131	YPL210C	S. cerevisiae	SRP72	Signal Recognition Particle
S000006132	YPL211W	S. cerevisiae	NIP7	Nuclear ImPort
S000006138	YPL217C	S. cerevisiae	BMS1	BMh Sensitive
S000006145	YPL224C	S. cerevisiae	MMT2	Mitochondrial Metal Transporter
S000006147	YPL226W	S. cerevisiae	NEW1	Nu+
S000006150	YPL229W	S. cerevisiae	""	""
S000006158	YPL237W	S. cerevisiae	SUI3	SUppressor of Initiator codon
S000006166	YPL245W	S. cerevisiae	""	""
S000006169	YPL248C	S. cerevisiae	GAL4	GALactose metabolism
S000006184	YPL263C	S. cerevisiae	KEL3	KELch
S000006187	YPL266W	S. cerevisiae	DIM1	DIMethylase
S000006214	YPR010C	S. cerevisiae	RPA135	RNA Polymerase A
S000006220	YPR016C	S. cerevisiae	TIF6	Translation Initiation Factor
S000006226	YPR022C	S. cerevisiae	SDD4	Suppressor of Degenerative Death
S000006230	YPR026W	S. cerevisiae	ATH1	Acid TreHalase
S000006237	YPR033C	S. cerevisiae	HTS1	Histidine-Trna Synthetase
S000006238	YPR034W	S. cerevisiae	ARP7	Actin-Related Protein
S000006245	YPR041W	S. cerevisiae	TIF5	Translation Initiation Factor
S000006247	YPR043W	S. cerevisiae	RPL43A	Ribosomal Protein of the Large subunit
S000006264	YPR060C	S. cerevisiae	ARO7	AROmatic amino acid requiring
S000006295	YPR091C	S. cerevisiae	NVJ2	Nucleus-Vacuole Junction
S000006301	YPR097W	S. cerevisiae	LEC1	Lipid-droplet Ergosterol Cortex 1
S000006302	YPR098C	S. cerevisiae	TMH18	TMem205 Homolog of 18 kDa
S000006314	YPR110C	S. cerevisiae	RPC40	RNA Polymerase C
S000006316	YPR112C	S. cerevisiae	MRD1	Multiple RNA-binding domain
S000006341	YPR137W	S. cerevisiae	RRP9	Ribosomal RNA Processing
S000006343	YPR139C	S. cerevisiae	LOA1	Lysophosphatidic acid: Oleoyl-CoA Acyltransferase
S000006347	YPR143W	S. cerevisiae	RRP15	Ribosomal RNA Processing
S000006348	YPR144C	S. cerevisiae	NOC4	NucleOlar Complex associated
S000006355	YPR151C	S. cerevisiae	SUE1	""
S000006364	YPR160W	S. cerevisiae	GPH1	Glycogen PHosphorylase
S000006367	YPR163C	S. cerevisiae	TIF3	Translation Initiation Factor
S000006373	YPR169W	S. cerevisiae	JIP5	Jumonji domain Interacting Protein
S000006388	YPR184W	S. cerevisiae	GDB1	Glycogen DeBranching
S000006391	YPR187W	S. cerevisiae	RPO26	RNA POlymerase
S000006394	YPR190C	S. cerevisiae	RPC82	RNA Polymerase C
S000006436	YFL034C-A	S. cerevisiae	RPL22B	Ribosomal Protein of the Large subunit
S000006438	YPL249C-A	S. cerevisiae	RPL36B	Ribosomal Protein of the Large subunit
S000007223	YCR087C-A	S. cerevisiae	""	""
S000007455	YHR072W-A	S. cerevisiae	NOP10	NucleOlar Protein
S000007522	YBR085C-A	S. cerevisiae	""	""
S000007608	YGR271C-A	S. cerevisiae	EFG1	Exit From G1
S000028525	YLR307C-A	S. cerevisiae	DPA10	Delta-Psi dependent mitochondrial Assembly protein of 10 kDa
S000028526	YOR020W-A	S. cerevisiae	MCO10	Mitochondrial Class One protein of 10 kDa
S000029705	YCL012C	S. cerevisiae	""	""
