SGD_id	Systematic_name	rna_type	chromosome	start	stop
YNCL0016C	18S ribosomal RNA|RDN18	rrna	chrXII	455933	457732
YNCL0025C	18S ribosomal RNA|RDN18	rrna	chrXII	465070	466869
YNCL0012C	25S ribosomal RNA|26S rRNA|RDN25	rrna	chrXII	451786	455181
YNCL0021C	25S ribosomal RNA|26S rRNA|RDN25	rrna	chrXII	460923	464318
YNCL0010C	35S pre-ribosomal RNA|RDN37	rrna	chrXII	451575	458432
YNCL0020C	35S pre-ribosomal RNA|RDN37	rrna	chrXII	460712	467569
YNCL0014C	5.8S ribosomal RNA|RDN58	rrna	chrXII	455414	455571
YNCL0023C	5.8S ribosomal RNA|RDN58	rrna	chrXII	464551	464708
YNCL0027W	5S ribosomal RNA|RDN5	rrna	chrXII	468813	468931
YNCL0028W	5S ribosomal RNA|RDN5	rrna	chrXII	472465	472583
YNCL0029W	5S ribosomal RNA|RDN5	rrna	chrXII	482045	482163
YNCL0030W	5S ribosomal RNA|RDN5	rrna	chrXII	485697	485815
YNCL0031W	5S ribosomal RNA|RDN5	rrna	chrXII	489349	489469
YNCL0018W	5S ribosomal RNA|RDN5|MOF9	rrna	chrXII	459676	459796
YNCL0011C	external transcribed spacer|3' ETS	ets	chrXII	451575	451785
YNCL0019C	external transcribed spacer|3' ETS	ets	chrXII	460712	460922
YNCL0017C	external transcribed spacer|5' ETS	ets	chrXII	457733	458432
YNCL0026C	external transcribed spacer|5' ETS	ets	chrXII	466870	467569
YNCB0008W	GAL10-ncRNA|GAL1ucut	ncrna	chrII	276805	280645
YNCP0002W	GAL4 lncRNA|GAL4 lncRNA	ncrna	chrXVI	79562	82648
YNCG0006C	IME4-AS	ncrna	chrVII	141898	144120
YNCL0015C	ITS1|internal transcribed spacer 1	its	chrXII	455572	455932
YNCL0024C	ITS1|internal transcribed spacer 1	its	chrXII	464709	465069
YNCL0013C	ITS2|internal transcribed spacer 2	its	chrXII	455182	455413
YNCL0022C	ITS2|internal transcribed spacer 2	its	chrXII	464319	464550
YNCM0001W	PHO84 lncRNA|PHO84 AS RNA|PHO84 lncRNA	ncrna	chrXIII	23564	26578
YNCI0013W	PWR1	ncrna	chrIX	395999	396939
YNCN0013W	RRP2	ncrna	chrXIV	585587	585926
YNCD0032C	RUF1|snR84	ncrna	chrIV	1492477	1493026
YNCG0010W	RUF2|snR82	ncrna	chrVII	316788	317055
YNCM0030W	RUF3|snR83	ncrna	chrXIII	626349	626654
YNCH0007W	RUF5	ncrna	chrVIII	212409	213118
YNCH0008W	RUF5	ncrna	chrVIII	214407	215116
YNCG0013W	snR10	ncrna	chrVII	345986	346230
YNCM0031W	snR11	ncrna	chrXIII	652275	652532
YNCD0030W	snR13	ncrna	chrIV	1402919	1403042
YNCB0009C	snR161	ncrna	chrII	307185	307345
YNCA0003W	snR18	ncrna	chrI	142367	142468
YNCC0012C	snR189	ncrna	chrIII	178610	178798
YNCJ0004C	snR190	ncrna	chrX	139761	139950
YNCN0019C	snR191	ncrna	chrXIV	721938	722211
YNCJ0030W	snR3	ncrna	chrX	663749	663942
YNCL0003W	snR30	ncrna	chrXII	198784	199389
YNCO0027C	snR31	ncrna	chrXV	841958	842182
YNCH0012W	snR32	ncrna	chrVIII	381540	381727
YNCC0006C	snR33	ncrna	chrIII	142364	142546
YNCL0048W	snR34	ncrna	chrXII	899180	899382
YNCO0024C	snR35	ncrna	chrXV	759326	759529
YNCO0022C	snR36	ncrna	chrXV	680685	680866
YNCJ0007C	snR37	ncrna	chrX	228094	228479
YNCK0009W	snR38	ncrna	chrXI	283185	283279
YNCG0014C	snR39	ncrna	chrVII	365163	365251
YNCG0015C	snR39B	ncrna	chrVII	366374	366469
YNCE0019W	snR4	ncrna	chrV	424698	424883
YNCN0001W	snR40	ncrna	chrXIV	89210	89306
YNCP0015C	snR41	ncrna	chrXVI	719148	719242
YNCK0020C	snR42	ncrna	chrXI	559016	559366
YNCC0003C	snR43	ncrna	chrIII	107504	107712
YNCL0046W	snR44	ncrna	chrXII	856710	856920
YNCP0021W	snR45	ncrna	chrXVI	821732	821903
YNCG0024W	snR46	ncrna	chrVII	545370	545566
YNCD0010C	snR47	ncrna	chrIV	541602	541700
YNCG0026W	snR48	ncrna	chrVII	609584	609696
YNCN0018W	snR49	ncrna	chrXIV	716120	716284
YNCO0028W	snR5	ncrna	chrXV	842403	842606
YNCO0007W	snR50	ncrna	chrXV	259489	259578
YNCP0013C	snR51	ncrna	chrXVI	718700	718806
YNCE0020C	snR52	ncrna	chrV	431129	431220
YNCE0003W	snR53	ncrna	chrV	61699	61789
YNCM0005C	snR54	ncrna	chrXIII	163535	163620
YNCL0042C	snR55	ncrna	chrXII	794697	794794
YNCB0003W	snR56	ncrna	chrII	88190	88277
YNCL0043C	snR57	ncrna	chrXII	794937	795024
YNCO0003C	snR58	ncrna	chrXV	136088	136183
YNCP0003W	snR59	ncrna	chrXVI	173827	173904
YNCJ0009C	snR60	ncrna	chrX	349130	349233
YNCL0041C	snR61	ncrna	chrXII	794486	794575
YNCO0015C	snR62	ncrna	chrXV	409765	409864
YNCD0002C	snR63	ncrna	chrIV	323217	323471
YNCK0001W	snR64	ncrna	chrXI	38811	38911
YNCC0011W	snR65	ncrna	chrIII	177183	177282
YNCN0014W	snR66	ncrna	chrXIV	586090	586175
YNCE0002W	snR67	ncrna	chrV	61352	61433
YNCI0001W	snR68	ncrna	chrIX	97111	97246
YNCK0013W	snR69	ncrna	chrXI	364776	364876
YNCG0045C	SNR7|U5S|snR7-S	ncrna	chrVII	939494	939672
YNCP0014C	snR70	ncrna	chrXVI	718887	719050
YNCH0014W	snR71	ncrna	chrVIII	411228	411317
YNCO0026W	snR8	ncrna	chrXV	832332	832521
YNCE0001C	snR80	ncrna	chrV	52150	52320
YNCO0006W	snR81	ncrna	chrXV	234346	234546
YNCM0002C	snR85	ncrna	chrXIII	67768	67938
YNCM0034C	snR86	ncrna	chrXIII	762110	763113
YNCK0015C	snR87	ncrna	chrXI	431030	431138
YNCO0014C	snR9	ncrna	chrXV	407948	408134
YNCE0015C	SUP20|tS(UGA)E|tRNA-Ser|tRNA-Ser	trna	chrV	288443	288524
YNCJ0021C	SUP52|tL(UAA)J|tRNA-Leu|tRNA-Leu	trna	chrX	424432	424515
YNCM0036C	SUP60|DNA33|SUP70|tRNA-Gln|tRNA-Gln|tQ(CUG)M	trna	chrXIII	808246	808317
YNCP0012W	SUQ5|tS(UGA)P|tRNA-Ser|tRNA-Ser	trna	chrXVI	689565	689646
YNCG0001C	SUT534	ncrna	chrVII	33109	35013
YNCJ0028C	SUT643	ncrna	chrX	605936	607424
YNCD0004W	tA(AGC)D|tRNA-Ala|tRNA-Ala	trna	chrIV	410379	410451
YNCF0011C	tA(AGC)F|tRNA-Ala|tRNA-Ala	trna	chrVI	204924	204996
YNCG0034W	tA(AGC)G|tRNA-Ala|tRNA-Ala	trna	chrVII	774349	774421
YNCH0006C	tA(AGC)H|tRNA-Ala|tRNA-Ala	trna	chrVIII	146242	146314
YNCJ0005C	tA(AGC)J|tRNA-Ala|tRNA-Ala	trna	chrX	197313	197385
YNCK0008W	tA(AGC)K1|tRNA-Ala|tRNA-Ala	trna	chrXI	219895	219967
YNCK0019W	tA(AGC)K2|tRNA-Ala|tRNA-Ala	trna	chrXI	517988	518060
YNCL0035C	tA(AGC)L|tRNA-Ala|tRNA-Ala	trna	chrXII	656934	657006
YNCM0018C	tA(AGC)M1|tRNA-Ala|tRNA-Ala	trna	chrXIII	321147	321219
YNCM0035C	tA(AGC)M2|tRNA-Ala|tRNA-Ala	trna	chrXIII	768369	768441
YNCP0022W	tA(AGC)P|tRNA-Ala|tRNA-Ala	trna	chrXVI	856902	856974
YNCA0004W	tA(UGC)A|tRNA-Ala|tRNA-Ala	trna	chrI	166267	166339
YNCE0016C	tA(UGC)E|tRNA-Ala|tRNA-Ala	trna	chrV	312023	312095
YNCG0036W	tA(UGC)G|tRNA-Ala|tRNA-Ala	trna	chrVII	794417	794489
YNCL0004C	tA(UGC)L|tRNA-Ala|tRNA-Ala	trna	chrXII	214883	214955
YNCO0029C	tA(UGC)O|tRNA-Ala|tRNA-Ala	trna	chrXV	854187	854259
YNCB0017C	tC(GCA)B|tRNA-Cys|tRNA-Cys	trna	chrII	643007	643078
YNCG0030C	tC(GCA)G|tRNA-Cys|tRNA-Cys	trna	chrVII	707108	707179
YNCP0007C	tC(GCA)P1|tRNA-Cys|tRNA-Cys	trna	chrXVI	435893	435964
YNCP0018C	tC(GCA)P2|tRNA-Cys|tRNA-Cys	trna	chrXVI	775765	775836
YNCB0016W	tD(GUC)B|tRNA-Asp|tRNA-Asp	trna	chrII	405960	406031
YNCD0012W	tD(GUC)D|tRNA-Asp|tRNA-Asp	trna	chrIV	568964	569035
YNCG0021W	tD(GUC)G1|tRNA-Asp|tRNA-Asp	trna	chrVII	531610	531681
YNCG0023C	tD(GUC)G2|tRNA-Asp|tRNA-Asp	trna	chrVII	544577	544648
YNCI0008C	tD(GUC)I1|tRNA-Asp|tRNA-Asp	trna	chrIX	324303	324374
YNCI0010C	tD(GUC)I2|tRNA-Asp|tRNA-Asp	trna	chrIX	336349	336420
YNCJ0006W	tD(GUC)J1|tRNA-Asp|tRNA-Asp	trna	chrX	204735	204806
YNCJ0012W	tD(GUC)J2|tRNA-Asp|tRNA-Asp	trna	chrX	355456	355527
YNCJ0013C	tD(GUC)J3|tRNA-Asp|tRNA-Asp	trna	chrX	374424	374495
YNCJ0026W	tD(GUC)J4|tRNA-Asp|tRNA-Asp	trna	chrX	541508	541579
YNCK0018C	tD(GUC)K|tRNA-Asp|tRNA-Asp	trna	chrXI	513332	513403
YNCL0008W	tD(GUC)L1|tRNA-Asp|tRNA-Asp	trna	chrXII	427132	427203
YNCL0040W	tD(GUC)L2|tRNA-Asp|tRNA-Asp	trna	chrXII	793918	793989
YNCM0024W	tD(GUC)M|tRNA-Asp|tRNA-Asp	trna	chrXIII	463554	463625
YNCN0008C	tD(GUC)N|tRNA-Asp|tRNA-Asp	trna	chrXIV	519099	519169
YNCO0019W	tD(GUC)O|tRNA-Asp|tRNA-Asp	trna	chrXV	571958	572029
YNCD0021C	tE(CUC)D|tRNA-Glu|tRNA-Glu	trna	chrIV	1017207	1017278
YNCI0004W	tE(CUC)I|tRNA-Glu|tRNA-Glu	trna	chrIX	197592	197663
YNCB0018W	tE(UUC)B|tRNA-Glu|tRNA-Glu	trna	chrII	645167	645238
YNCC0001C	tE(UUC)C|tRNA-Glu|tRNA-Glu	trna	chrIII	82462	82533
YNCE0012W	tE(UUC)E1|tRNA-Glu|tRNA-Glu	trna	chrV	177099	177170
YNCE0018W	tE(UUC)E2|tRNA-Glu|tRNA-Glu	trna	chrV	354934	355005
YNCE0027C	tE(UUC)E3|tRNA-Glu|tRNA-Glu	trna	chrV	487331	487402
YNCG0012W	tE(UUC)G1|tRNA-Glu|tRNA-Glu	trna	chrVII	328583	328654
YNCG0016C	tE(UUC)G2|tRNA-Glu|tRNA-Glu	trna	chrVII	401527	401598
YNCG0022W	tE(UUC)G3|tRNA-Glu|tRNA-Glu	trna	chrVII	541850	541921
YNCI0011W	tE(UUC)I|tRNA-Glu|tRNA-Glu	trna	chrIX	370417	370488
YNCJ0002C	tE(UUC)J|tRNA-Glu|tRNA-Glu	trna	chrX	115939	116010
YNCK0005C	tE(UUC)K|tRNA-Glu|tRNA-Glu	trna	chrXI	141018	141089
YNCL0044W	tE(UUC)L|tRNA-Glu|tRNA-Glu	trna	chrXII	797178	797249
YNCM0010W	tE(UUC)M|tRNA-Glu|tRNA-Glu	trna	chrXIII	290801	290872
YNCP0004C	tE(UUC)P|tRNA-Glu|tRNA-Glu	trna	chrXVI	210192	210263
YNCB0010W	TER1	ncrna	chrII	307587	308887
YNCB0002W	tF(GAA)B|tRNA-Phe|tRNA-Phe	trna	chrII	36398	36488
YNCD0023C	tF(GAA)D|tRNA-Phe|tRNA-Phe	trna	chrIV	1095370	1095461
YNCF0005C	tF(GAA)F|tRNA-Phe|tRNA-Phe	trna	chrVI	157916	158007
YNCG0020C	tF(GAA)G|tRNA-Phe|tRNA-Phe	trna	chrVII	440716	440807
YNCH0009C	tF(GAA)H1|tRNA-Phe|tRNA-Phe	trna	chrVIII	237848	237939
YNCD0027C	tG(CCC)D|tRNA-Gly|tRNA-Gly	trna	chrIV	1257008	1257079
YNCO0020C	tG(CCC)O|tRNA-Gly|tRNA-Gly	trna	chrXV	594354	594425
YNCB0005C	tG(GCC)B|tRNA-Gly|tRNA-Gly	trna	chrII	197629	197699
YNCC0007C	tG(GCC)C|tRNA-Gly|tRNA-Gly	trna	chrIII	142701	142771
YNCD0001W	tG(GCC)D1|tRNA-Gly|tRNA-Gly	trna	chrIV	83548	83618
YNCD0020W	tG(GCC)D2|tRNA-Gly|tRNA-Gly	trna	chrIV	992832	992902
YNCE0004C	tG(GCC)E|tRNA-Gly|tRNA-Gly	trna	chrV	61890	61960
YNCF0006W	tG(GCC)F1|tRNA-Gly|tRNA-Gly	trna	chrVI	162228	162298
YNCF0008C	tG(GCC)F2|tRNA-Gly|tRNA-Gly	trna	chrVI	180974	181044
YNCG0039W	tG(GCC)G1|tRNA-Gly|tRNA-Gly	trna	chrVII	845649	845719
YNCG0043C	tG(GCC)G2|tRNA-Gly|tRNA-Gly	trna	chrVII	930953	931023
YNCJ0017C	tG(GCC)J1|tRNA-Gly|tRNA-Gly	trna	chrX	396726	396796
YNCJ0024W	tG(GCC)J2|tRNA-Gly|tRNA-Gly	trna	chrX	531828	531898
YNCM0007C	tG(GCC)M|tRNA-Gly|tRNA-Gly	trna	chrXIII	183898	183968
YNCO0004C	tG(GCC)O1|tRNA-Gly|tRNA-Gly	trna	chrXV	226611	226681
YNCO0009W	tG(GCC)O2|tRNA-Gly|tRNA-Gly	trna	chrXV	282164	282234
YNCP0009W	tG(GCC)P1|tRNA-Gly|tRNA-Gly	trna	chrXVI	572269	572339
YNCP0023W	tG(GCC)P2|tRNA-Gly|tRNA-Gly	trna	chrXVI	860379	860449
YNCG0035W	tG(UCC)G|tRNA-Gly|tRNA-Gly	trna	chrVII	779616	779687
YNCN0002C	tG(UCC)N|tRNA-Gly|tRNA-Gly	trna	chrXIV	96241	96312
YNCO0001C	tG(UCC)O|tRNA-Gly|tRNA-Gly	trna	chrXV	110962	111033
YNCE0013W	tH(GUG)E1|tRNA-His|tRNA-His	trna	chrV	207357	207428
YNCE0021C	tH(GUG)E2|tRNA-His|tRNA-His	trna	chrV	434541	434612
YNCG0003C	tH(GUG)G1|tRNA-His|tRNA-His	trna	chrVII	110625	110696
YNCG0011W	tH(GUG)G2|tRNA-His|tRNA-His	trna	chrVII	319781	319852
YNCH0001W	tH(GUG)H|tRNA-His|tRNA-His	trna	chrVIII	62755	62826
YNCK0012C	tH(GUG)K|tRNA-His|tRNA-His	trna	chrXI	313401	313472
YNCM0020W	tH(GUG)M|tRNA-His|tRNA-His	trna	chrXIII	363064	363135
YNCB0004W	tI(AAU)B|tRNA-Ile|tRNA-Ile	trna	chrII	197494	197567
YNCD0015C	tI(AAU)D|tRNA-Ile|tRNA-Ile	trna	chrIV	668007	668080
YNCE0025C	tI(AAU)E1|tRNA-Ile|tRNA-Ile	trna	chrV	443202	443275
YNCE0029C	tI(AAU)E2|tRNA-Ile|tRNA-Ile	trna	chrV	551285	551358
YNCG0033W	tI(AAU)G|tRNA-Ile|tRNA-Ile	trna	chrVII	739122	739195
YNCI0003C	tI(AAU)I1|tRNA-Ile|tRNA-Ile	trna	chrIX	183440	183513
YNCI0005W	tI(AAU)I2|tRNA-Ile|tRNA-Ile	trna	chrIX	210665	210738
YNCL0038W	tI(AAU)L1|tRNA-Ile|tRNA-Ile	trna	chrXII	734802	734875
YNCL0051C	tI(AAU)L2|tRNA-Ile|tRNA-Ile	trna	chrXII	1052071	1052144
YNCN0012C	tI(AAU)N1|tRNA-Ile|tRNA-Ile	trna	chrXIV	569867	569940
YNCN0015W	tI(AAU)N2|tRNA-Ile|tRNA-Ile	trna	chrXIV	602312	602385
YNCP0020W	tI(AAU)P1|tRNA-Ile|tRNA-Ile	trna	chrXVI	819529	819602
YNCP0024C	tI(AAU)P2|tRNA-Ile|tRNA-Ile	trna	chrXVI	880296	880369
YNCD0017W	tI(UAU)D|tRNA-Ile|tRNA-Ile	trna	chrIV	884361	884493
YNCL0033C	tI(UAU)L|tRNA-Ile|tRNA-Ile	trna	chrXII	605300	605432
YNCC0009C	tK(CUU)C|tRNA-Lys|tRNA-Lys	trna	chrIII	151284	151356
YNCD0026W	tK(CUU)D1|tRNA-Lys|tRNA-Lys	trna	chrIV	1201750	1201822
YNCD0029C	tK(CUU)D2|tRNA-Lys|tRNA-Lys	trna	chrIV	1352466	1352538
YNCE0009C	tK(CUU)E1|tRNA-Lys|tRNA-Lys	trna	chrV	135425	135497
YNCE0022C	tK(CUU)E2|tRNA-Lys|tRNA-Lys	trna	chrV	435752	435824
YNCF0014C	tK(CUU)F|tRNA-Lys|tRNA-Lys	trna	chrVI	226688	226760
YNCG0005W	tK(CUU)G1|tRNA-Lys|tRNA-Lys	trna	chrVII	122269	122341
YNCG0007C	tK(CUU)G2|tRNA-Lys|tRNA-Lys	trna	chrVII	185714	185786
YNCG0041W	tK(CUU)G3|tRNA-Lys|tRNA-Lys	trna	chrVII	876394	876466
YNCI0007C	tK(CUU)I|tRNA-Lys|tRNA-Lys	trna	chrIX	300228	300300
YNCJ0018W	tK(CUU)J|tRNA-Lys|tRNA-Lys	trna	chrX	414966	415038
YNCK0007W	tK(CUU)K|tRNA-Lys|tRNA-Lys	trna	chrXI	202999	203071
YNCM0025C	tK(CUU)M|tRNA-Lys|tRNA-Lys	trna	chrXIII	480621	480693
YNCP0010W	tK(CUU)P|tRNA-Lys|tRNA-Lys	trna	chrXVI	582062	582134
YNCD0003W	tK(UUU)D|tRNA-Lys|tRNA-Lys	trna	chrIV	359577	359672
YNCG0004W	tK(UUU)G1|tRNA-Lys|tRNA-Lys	trna	chrVII	115488	115583
YNCG0029C	tK(UUU)G2|tRNA-Lys|tRNA-Lys	trna	chrVII	700953	701048
YNCK0021W	tK(UUU)K|tRNA-Lys|tRNA-Lys	trna	chrXI	578965	579060
YNCL0047W	tK(UUU)L|tRNA-Lys|tRNA-Lys	trna	chrXII	875376	875471
YNCO0016W	tK(UUU)O|tRNA-Lys|tRNA-Lys	trna	chrXV	438643	438738
YNCP0017C	tK(UUU)P|tRNA-Lys|tRNA-Lys	trna	chrXVI	769207	769302
YNCA0005W	tL(CAA)A|tRNA-Leu|tRNA-Leu	trna	chrI	181141	181254
YNCC0002W	tL(CAA)C|tRNA-Leu|tRNA-Leu	trna	chrIII	90859	90972
YNCD0031C	tL(CAA)D|tRNA-Leu|tRNA-Leu	trna	chrIV	1461715	1461829
YNCG0008W	tL(CAA)G1|tRNA-Leu|tRNA-Leu	trna	chrVII	205521	205634
YNCG0019W	tL(CAA)G2|tRNA-Leu|tRNA-Leu	trna	chrVII	423092	423205
YNCG0040C	tL(CAA)G3|tRNA-Leu|tRNA-Leu	trna	chrVII	857378	857491
YNCK0016W	tL(CAA)K|tRNA-Leu|tRNA-Leu	trna	chrXI	458557	458670
YNCL0034W	tL(CAA)L|tRNA-Leu|tRNA-Leu	trna	chrXII	628383	628497
YNCM0027W	tL(CAA)M|tRNA-Leu|tRNA-Leu	trna	chrXIII	504895	505008
YNCN0007W	tL(CAA)N|tRNA-Leu|tRNA-Leu	trna	chrXIV	443006	443119
YNCG0028W	tL(GAG)G|tRNA-Leu|tRNA-Leu	trna	chrVII	700675	700756
YNCB0001W	tL(UAA)B1|tRNA-Leu|tRNA-Leu	trna	chrII	9583	9666
YNCB0012W	tL(UAA)B2|tRNA-Leu|tRNA-Leu	trna	chrII	347603	347686
YNCD0008W	tL(UAA)D|tRNA-Leu|tRNA-Leu	trna	chrIV	519743	519826
YNCK0004W	tL(UAA)K|tRNA-Leu|tRNA-Leu	trna	chrXI	84208	84291
YNCL0049C	tL(UAA)L|tRNA-Leu|tRNA-Leu	trna	chrXII	962972	963055
YNCN0020C	tL(UAA)N|tRNA-Leu|tRNA-Leu	trna	chrXIV	726134	726217
YNCJ0029W	tL(UAG)J|tRNA-Leu|tRNA-Leu	trna	chrX	617919	618019
YNCL0032C	tL(UAG)L1|tRNA-Leu|tRNA-Leu	trna	chrXII	592519	592619
YNCL0037W	tL(UAG)L2|tRNA-Leu|tRNA-Leu	trna	chrXII	732090	732190
YNCC0008W	tM(CAU)C|tRNA-Met|tRNA-Met	trna	chrIII	149920	149991
YNCD0025W	tM(CAU)D|tRNA-Met|tRNA-Met	trna	chrIV	1175829	1175901
YNCE0006W	tM(CAU)E|tRNA-Met|tRNA-Met	trna	chrV	100133	100204
YNCJ0016C	tM(CAU)J1|tRNA-Met|tRNA-Met	trna	chrX	391043	391115
YNCJ0020W	tM(CAU)J2|tRNA-Met|tRNA-Met	trna	chrX	422937	423009
YNCJ0022C	tM(CAU)J3|tRNA-Met|tRNA-Met	trna	chrX	517813	517884
YNCM0028C	tM(CAU)M|tRNA-Met|tRNA-Met	trna	chrXIII	572883	572955
YNCO0023W	tM(CAU)O1|tRNA-Met|tRNA-Met	trna	chrXV	710201	710272
YNCO0030W	tM(CAU)O2|tRNA-Met|tRNA-Met	trna	chrXV	976421	976493
YNCP0006C	tM(CAU)P|tRNA-Met|tRNA-Met	trna	chrXVI	338848	338919
YNCC0005W	tN(GUU)C|tRNA-Asn|tRNA-Asn	trna	chrIII	127716	127789
YNCF0004C	tN(GUU)F|tRNA-Asn|tRNA-Asn	trna	chrVI	137486	137559
YNCG0031W	tN(GUU)G|tRNA-Asn|tRNA-Asn	trna	chrVII	731137	731210
YNCK0003W	tN(GUU)K|tRNA-Asn|tRNA-Asn	trna	chrXI	74624	74697
YNCL0050C	tN(GUU)L|tRNA-Asn|tRNA-Asn	trna	chrXII	975983	976056
YNCN0003W	tN(GUU)N1|tRNA-Asn|tRNA-Asn	trna	chrXIV	102716	102789
YNCN0017W	tN(GUU)N2|tRNA-Asn|tRNA-Asn	trna	chrXIV	632599	632672
YNCO0005W	tN(GUU)O1|tRNA-Asn|tRNA-Asn	trna	chrXV	228331	228404
YNCO0018W	tN(GUU)O2|tRNA-Asn|tRNA-Asn	trna	chrXV	487439	487512
YNCP0019W	tN(GUU)P|tRNA-Asn|tRNA-Asn	trna	chrXVI	810676	810749
YNCC0004C	tP(AGG)C|tRNA-Pro|tRNA-Pro	trna	chrIII	123577	123648
YNCN0016C	tP(AGG)N|tRNA-Pro|tRNA-Pro	trna	chrXIV	631846	631917
YNCA0002W	tP(UGG)A|tRNA-Pro|tRNA-Pro	trna	chrI	139152	139254
YNCF0002W	tP(UGG)F|tRNA-Pro|tRNA-Pro	trna	chrVI	101376	101478
YNCH0013C	tP(UGG)H|tRNA-Pro|tRNA-Pro	trna	chrVIII	388893	388995
YNCL0001W	tP(UGG)L|tRNA-Pro|tRNA-Pro	trna	chrXII	92548	92650
YNCM0008C	tP(UGG)M|tRNA-Pro|tRNA-Pro	trna	chrXIII	196068	196170
YNCN0009W	tP(UGG)N1|tRNA-Pro|tRNA-Pro	trna	chrXIV	547094	547196
YNCN0011W	tP(UGG)N2|tRNA-Pro|tRNA-Pro	trna	chrXIV	568115	568217
YNCO0011W	tP(UGG)O1|tRNA-Pro|tRNA-Pro	trna	chrXV	301097	301198
YNCO0017W	tP(UGG)O2|tRNA-Pro|tRNA-Pro	trna	chrXV	464450	464551
YNCB0013W	tQ(UUG)B|tRNA-Gln|tRNA-Gln	trna	chrII	350827	350898
YNCC0010C	tQ(UUG)C|tRNA-Gln|tRNA-Gln	trna	chrIII	168301	168372
YNCD0009W	tQ(UUG)D1|tRNA-Gln|tRNA-Gln	trna	chrIV	520972	521043
YNCD0014C	tQ(UUG)D2|tRNA-Gln|tRNA-Gln	trna	chrIV	645153	645224
YNCD0016C	tQ(UUG)D3|tRNA-Gln|tRNA-Gln	trna	chrIV	802731	802802
YNCE0014W	tQ(UUG)E1|tRNA-Gln|tRNA-Gln	trna	chrV	250286	250357
YNCE0008C	tQ(UUG)E2|tRNA-Gln|tRNA-Gln	trna	chrV	131082	131153
YNCH0005W	tQ(UUG)H|tRNA-Gln|tRNA-Gln	trna	chrVIII	134321	134392
YNCL0009C	tQ(UUG)L|tRNA-Gln|tRNA-Gln	trna	chrXII	448650	448721
YNCD0013C	tR(ACG)D|tRNA-Arg|tRNA-Arg	trna	chrIV	619969	620041
YNCE0028C	tR(ACG)E|tRNA-Arg|tRNA-Arg	trna	chrV	492352	492424
YNCJ0008W	tR(ACG)J|tRNA-Arg|tRNA-Arg	trna	chrX	233939	234011
YNCK0017W	tR(ACG)K|tRNA-Arg|tRNA-Arg	trna	chrXI	490968	491040
YNCL0007W	tR(ACG)L|tRNA-Arg|tRNA-Arg	trna	chrXII	374355	374427
YNCL0045W	tR(CCG)L|tRNA-Arg|tRNA-Arg	trna	chrXII	818609	818680
YNCJ0025W	tR(CCU)J|tRNA-Arg|tRNA-Arg	trna	chrX	538555	538626
YNCB0015W	tR(UCU)B|tRNA-Arg|tRNA-Arg	trna	chrII	405878	405949
YNCD0011W	tR(UCU)D|tRNA-Arg|tRNA-Arg	trna	chrIV	568882	568953
YNCE0010W	tR(UCU)E|tRNA-Arg|tRNA-Arg	trna	chrV	138666	138737
YNCG0017W	tR(UCU)G1|tRNA-Arg|tRNA-Arg	trna	chrVII	405470	405541
YNCG0038C	tR(UCU)G2|tRNA-Arg|tRNA-Arg	trna	chrVII	828723	828794
YNCG0032W	tR(UCU)G3|tRNA-Arg|tRNA-Arg	trna	chrVII	736340	736411
YNCJ0011W	tR(UCU)J1|tRNA-Arg|tRNA-Arg	trna	chrX	355374	355445
YNCJ0014C	tR(UCU)J2|tRNA-Arg|tRNA-Arg	trna	chrX	374506	374577
YNCK0006C	tR(UCU)K|tRNA-Arg|tRNA-Arg	trna	chrXI	162487	162558
YNCO0012C	tRNA-Arg|tR(ACG)O|tRNA-Arg	trna	chrXV	340299	340371
YNCM0033C	tRNA-Arg|tR(UCU)M1|tRNA-Arg	trna	chrXIII	747892	747963
YNCM0004C	tRNA-Arg|tR(UCU)M2|tRNA-Arg	trna	chrXIII	131825	131896
YNCH0010C	tRNA-Phe|tF(GAA)H2|tRNA-Phe	trna	chrVIII	358478	358569
YNCM0019W	tRNA-Phe|tF(GAA)M|tRNA-Phe	trna	chrXIII	352280	352370
YNCN0006W	tRNA-Phe|tF(GAA)N|tRNA-Phe	trna	chrXIV	374869	374959
YNCP0008C	tRNA-Phe|tF(GAA)P1|tRNA-Phe	trna	chrXVI	560198	560289
YNCP0011C	tRNA-Phe|tF(GAA)P2|tRNA-Phe	trna	chrXVI	622540	622631
YNCO0031W	tRNA-Pro|tP(UGG)O3|tRNA-Pro	trna	chrXV	980683	980787
YNCM0022C	tRNA-Trp|tW(CCA)M|tRNA-Trp	trna	chrXIII	379303	379408
YNCM0006W	tRNA-Tyr|tY(GUA)M1|tRNA-Tyr	trna	chrXIII	168795	168883
YNCM0037W	tRNA-Tyr|tY(GUA)M2|tRNA-Tyr	trna	chrXIII	837928	838016
YNCO0010W	tRNA-Tyr|tY(GUA)O|tRNA-Tyr	trna	chrXV	288192	288280
YNCM0021C	tRNA-Val|tV(AAC)M1|tRNA-Val	trna	chrXIII	372445	372518
YNCM0023C	tRNA-Val|tV(AAC)M2|tRNA-Val	trna	chrXIII	420588	420661
YNCM0029C	tRNA-Val|tV(AAC)M3|tRNA-Val	trna	chrXIII	586636	586709
YNCO0021C	tRNA-Val|tV(AAC)O|tRNA-Val	trna	chrXV	663812	663885
YNCA0006C	tS(AGA)A|tRNA-Ser|tRNA-Ser	trna	chrI	182522	182603
YNCB0006W	tS(AGA)B|tRNA-Ser|tRNA-Ser	trna	chrII	227075	227156
YNCD0006W	tS(AGA)D1|tRNA-Ser|tRNA-Ser	trna	chrIV	437772	437853
YNCD0019C	tS(AGA)D2|tRNA-Ser|tRNA-Ser	trna	chrIV	980974	981055
YNCD0028W	tS(AGA)D3|tRNA-Ser|tRNA-Ser	trna	chrIV	1305630	1305712
YNCE0005W	tS(AGA)E|tRNA-Ser|tRNA-Ser	trna	chrV	86604	86685
YNCG0025C	tS(AGA)G|tRNA-Ser|tRNA-Ser	trna	chrVII	561662	561743
YNCH0004C	tS(AGA)H|tRNA-Ser|tRNA-Ser	trna	chrVIII	133026	133107
YNCJ0023C	tS(AGA)J|tRNA-Ser|tRNA-Ser	trna	chrX	524012	524093
YNCL0002C	tS(AGA)L|tRNA-Ser|tRNA-Ser	trna	chrXII	167944	168025
YNCM0009C	tS(AGA)M|tRNA-Ser|tRNA-Ser	trna	chrXIII	259158	259239
YNCC0013W	tS(CGA)C|tRNA-Ser|tRNA-Ser	trna	chrIII	227942	228042
YNCF0009C	tS(GCU)F|tRNA-Ser|tRNA-Ser	trna	chrVI	191513	191613
YNCL0039W	tS(GCU)L|tX(XXX)L	trna	chrXII	784354	784453
YNCO0008W	tS(GCU)O|tRNA-Ser|tRNA-Ser	trna	chrXV	274673	274773
YNCI0006W	tS(UGA)I|tRNA-Ser|tRNA-Ser	trna	chrIX	248850	248931
YNCB0007W	tT(AGU)B|tRNA-Thr|tRNA-Thr	trna	chrII	266378	266450
YNCC0014W	tT(AGU)C|tRNA-Thr|tRNA-Thr	trna	chrIII	295484	295556
YNCD0005C	tT(AGU)D|tRNA-Thr|tRNA-Thr	trna	chrIV	434264	434336
YNCH0003C	tT(AGU)H|tRNA-Thr|tRNA-Thr	trna	chrVIII	116107	116179
YNCI0002W	tT(AGU)I1|tRNA-Thr|tRNA-Thr	trna	chrIX	175031	175103
YNCI0009W	tT(AGU)I2|tRNA-Thr|tRNA-Thr	trna	chrIX	325748	325820
YNCJ0001C	tT(AGU)J|tRNA-Thr|tRNA-Thr	trna	chrX	59100	59172
YNCN0004W	tT(AGU)N1|tRNA-Thr|tRNA-Thr	trna	chrXIV	104805	104877
YNCN0010C	tT(AGU)N2|tRNA-Thr|tRNA-Thr	trna	chrXIV	560693	560765
YNCO0002W	tT(AGU)O1|tRNA-Thr|tRNA-Thr	trna	chrXV	113802	113874
YNCO0013C	tT(AGU)O2|tRNA-Thr|tRNA-Thr	trna	chrXV	354041	354113
YNCK0002C	tT(CGU)K|tRNA-Thr|tRNA-Thr	trna	chrXI	46735	46806
YNCG0027W	tT(UGU)G1|tRNA-Thr|tRNA-Thr	trna	chrVII	661749	661820
YNCG0046W	tT(UGU)G2|tRNA-Thr|tRNA-Thr	trna	chrVII	1004216	1004287
YNCH0015W	tT(UGU)H|tRNA-Thr|tRNA-Thr	trna	chrVIII	466990	467061
YNCP0016W	tT(UGU)P|tRNA-Thr|tRNA-Thr	trna	chrXVI	744284	744355
YNCE0023W	tV(AAC)E1|tRNA-Val|tRNA-Val	trna	chrV	438700	438773
YNCE0026W	tV(AAC)E2|tRNA-Val|tRNA-Val	trna	chrV	469457	469530
YNCG0018C	tV(AAC)G1|tRNA-Val|tRNA-Val	trna	chrVII	412294	412367
YNCG0037W	tV(AAC)G2|tRNA-Val|tRNA-Val	trna	chrVII	823482	823555
YNCG0002C	tV(AAC)G3|tRNA-Val|tRNA-Val	trna	chrVII	73829	73902
YNCH0002C	tV(AAC)H|tRNA-Val|tRNA-Val	trna	chrVIII	85298	85371
YNCJ0015W	tV(AAC)J|tRNA-Val|tRNA-Val	trna	chrX	378360	378433
YNCK0011C	tV(AAC)K1|tRNA-Val|tRNA-Val	trna	chrXI	308144	308217
YNCK0014W	tV(AAC)K2|tRNA-Val|tRNA-Val	trna	chrXI	379680	379753
YNCL0036C	tV(AAC)L|tRNA-Val|tRNA-Val	trna	chrXII	687859	687932
YNCD0022C	tV(CAC)D|tRNA-Val|tRNA-Val	trna	chrIV	1075472	1075544
YNCH0016C	tV(CAC)H|tRNA-Val|tRNA-Val	trna	chrVIII	475706	475778
YNCB0011C	tV(UAC)B|tRNA-Val|tRNA-Val	trna	chrII	326792	326865
YNCD0007C	tV(UAC)D|tRNA-Val|tRNA-Val	trna	chrIV	488797	488870
YNCG0009C	tW(CCA)G1|tRNA-Trp|tRNA-Trp	trna	chrVII	287350	287455
YNCG0042C	tW(CCA)G2|tRNA-Trp|tRNA-Trp	trna	chrVII	878710	878815
YNCJ0019C	tW(CCA)J|tRNA-Trp|tRNA-Trp	trna	chrX	415931	416036
YNCK0010W	tW(CCA)K|tRNA-Trp|tRNA-Trp	trna	chrXI	302918	303023
YNCP0001C	tW(CCA)P|tRNA-Trp|tRNA-Trp	trna	chrXVI	56169	56274
YNCD0024C	tX(XXX)D	trna	chrIV	1150842	1150941
YNCD0018W	tY(GUA)D|tRNA-Tyr|tRNA-Tyr	trna	chrIV	946312	946400
YNCF0007W	tY(GUA)F1|tRNA-Tyr|tRNA-Tyr	trna	chrVI	167437	167525
YNCF0012C	tY(GUA)F2|tRNA-Tyr|tRNA-Tyr	trna	chrVI	210619	210707
YNCJ0010W	tY(GUA)J1|tRNA-Tyr|tRNA-Tyr	trna	chrX	354244	354332
YNCJ0027C	tY(GUA)J2|tRNA-Tyr|tRNA-Tyr	trna	chrX	542956	543044
YNCN0005C	U1|snR19	ncrna	chrXIV	230105	230672
YNCJ0003C	U14|snR128	ncrna	chrX	139566	139691
YNCB0019C	U2|snR20	ncrna	chrII	680688	681862
YNCM0026C	U24|snR24	ncrna	chrXIII	499984	500072
YNCO0025W	U3|snR17a	ncrna	chrXV	780107	780596
YNCP0005C	U3|snR17b	ncrna	chrXVI	281056	281517
YNCE0011C	U4|snR14	ncrna	chrV	167427	167586
YNCG0044C	U5L|SNR7|snR7-L	ncrna	chrVII	939459	939672
YNCL0006W	U6|snR6	ncrna	chrXII	366235	366346
YNCB0014W	XUT_2F-154	ncrna	chrII	376610	378633
YNCM0017W	Z2|snR72	ncrna	chrXIII	298554	298651
YNCM0016W	Z3|snR73	ncrna	chrXIII	298307	298412
YNCM0015W	Z4|snR74	ncrna	chrXIII	298138	298225
YNCM0014W	Z5|snR75	ncrna	chrXIII	297918	298006
YNCM0013W	Z6|snR76	ncrna	chrXIII	297725	297833
YNCM0012W	Z7|snR77	ncrna	chrXIII	297506	297593
YNCM0011W	Z8|snR78	ncrna	chrXIII	297278	297364
YNCL0005C	Z9|snR79	ncrna	chrXII	348427	348510
YNCA0001W		ncrna	chrI	99305	99868
RUF8		ncrna	chrII	462136	463086
YNCI0012		ncrna	chrIX	393884	397082
RUF4		ncrna	chrV	377955	378742
YNCE0007C		ncrna	chrV	117667	118035
YNCE0017W		ncrna	chrV	322212	322762
YNCE0024W		ncrna	chrV	441987	442508
RUF7		ncrna	chrVI	123086	123585
YNCF0001C		ncrna	chrVI	57815	58521
YNCF0003C		ncrna	chrVI	131061	131503
YNCF0010C		ncrna	chrVI	199299	199813
YNCF0013W		ncrna	chrVI	221714	221967
YNCH0011W		ncrna	chrVIII	378254	379237
YNCM0003W		ncrna	chrXIII	91970	92027
YNCM0032C		ncrna	chrXIII	667288	667456
RUF6		ncrna	chrXVI	856570	857620
